"soccerplayers","age","current club","current league","foot","height","nationality","position",
"Dmitri Poloz",26,"Zenit St. Petersburg","Premier Liga","right",183.0,"Russia","W"	
"Emiliano Rigoni",25,"Zenit St. Petersburg","Premier Liga","both",180.0,"Argentina  Italy","W"	
"Sebastián Driussi",22,"Zenit St. Petersburg","Premier Liga","both",179.0,"Argentina  Italy","CF"	
"Aleksandr Kokorin",26,"Zenit St. Petersburg","Premier Liga","right",183.0,"Russia","CF"	
"Anton Zabolotnyi",26,"Zenit St. Petersburg","Premier Liga","right",188.0,"Russia","CF"	
"Quincy Promes",26,"Spartak Moscow","Premier Liga","both",174.0,"Netherlands  Suriname","W"	
"Pedro Rocha",23,"Spartak Moscow","Premier Liga","right",175.0,"Brazil","W"	
"Lorenzo Melgarejo",27,"Spartak Moscow","Premier Liga","left",178.0,"Paraguay","W"	
"Zelimkhan Bakaev",21,"Spartak 2 Moscow","Premier Liga","left",180.0,"Russia","W"	
"Luiz Adriano",30,"Spartak Moscow","Premier Liga","right",183.0,"Brazil","CF"	
"Zé Luís",27,"Spartak Moscow","Premier Liga","left",184.0,"Cape Verde","CF"	
"Ahmed Musa",25,"CSKA Moscow","Premier Liga","both",170.0,"Nigeria","CF"	
"Fedor Chalov",19,"CSKA Moscow","Premier Liga","right",180.0,"Russia","CF"	
"Timur Zhamaletdinov",20,"CSKA Moscow","Premier Liga","right",181.0,"Russia","CF"	
"Wanderson",23,"FK Krasnodar","Premier Liga","right",175.0,"Brazil  Belgium","W"	
"Joãozinho",29,"FK Krasnodar","Premier Liga","left",166.0,"Russia  Brazil","W"	
"Andrei Ivan",21,"FK Krasnodar","Premier Liga","right",185.0,"Romania","W"	
"Ricardo Laborde",30,"FK Krasnodar","Premier Liga","right",174.0,"Colombia","W"	
"Magomed-Shapi Suleymanov",18,"FK Krasnodar","Premier Liga","left",170.0,"Russia","W"	
"Fedor Smolov",28,"FK Krasnodar","Premier Liga","right",187.0,"Russia","CF"	
"Ivan Ignatjev",19,"FK Krasnodar","Premier Liga","right",180.0,"Russia","CF"	
"Alan Kasaev",31,"Lokomotiv Moscow","Premier Liga","right",174.0,"Russia","W"	
"Jefferson Farfán",33,"Lokomotiv Moscow","Premier Liga","right",178.0,"Peru","W"	
"Arshak Koryan",22,"Lokomotiv Moscow","Premier Liga","right",169.0,"Russia  Armenia","W"	
"Éder",30,"Lokomotiv Moscow","Premier Liga","both",190.0,"Portugal  Guinea-Bissau","CF"	
"Ari",32,"Lokomotiv Moscow","Premier Liga","both",180.0,"Brazil","CF"	
"Gökdeniz Karadeniz",38,"Rubin Kazan","Premier Liga","right",168.0,"Turkey","W"	
"Rifat Zhemaletdinov",21,"Rubin Kazan","Premier Liga","right",184.0,"Russia","W"	
"Sardar Azmoun",23,"Rubin Kazan","Premier Liga","both",186.0,"Iran","CF"	
"Léo Jabá",19,"Akhmat Grozny","Premier Liga","right",178.0,"Brazil","W"	
"Bernard Berisha",26,"Akhmat Grozny","Premier Liga","right",174.0,"Kosovo  Albania","W"	
"Magomed Mitrishev",25,"Akhmat Grozny","Premier Liga","right",178.0,"Russia","W"	
"Odise Roshi",26,"Akhmat Grozny","Premier Liga","right",187.0,"Albania","W"	
"Khalid Kadyrov",23,"Akhmat Grozny","Premier Liga","right",167.0,"Russia","W"	
"Bekim Balaj",27,"Akhmat Grozny","Premier Liga","right",188.0,"Albania","CF"	
"Ablaye Mbengue",25,"Akhmat Grozny","Premier Liga","right",187.0,"Senegal","CF"	
"Zaur Sadaev",28,"Akhmat Grozny","Premier Liga","right",182.0,"Russia","CF"	
"Apti Akh'yadov",24,"Akhmat Grozny","Premier Liga","right",173.0,"Russia","CF"	
"Fedor Chernykh",26,"Dinamo Moscow","Premier Liga","both",183.0,"Lithuania  Russia","W"	
"Vyacheslav Grulev",18,"Dinamo Moscow II","Premier Liga","right",188.0,"Russia","W"	
"Anton Terekhov",20,"Dinamo Moscow","Premier Liga","right",186.0,"Russia","W"	
"Evgeni Markov",23,"Dinamo Moscow","Premier Liga","right",187.0,"Russia","CF"	
"Evgeni Lutsenko",31,"Dinamo Moscow","Premier Liga","left",187.0,"Russia","CF"	
"Nikolay Obolskiy",21,"Dinamo Moscow","Premier Liga","left",186.0,"Russia","CF"	
"Evans Kangwa",25,"Arsenal Tula","Premier Liga","right",180.0,"Zambia","W"	
"Artem Dzyuba",29,"Arsenal Tula","Premier Liga","right",196.0,"Russia","CF"	
"Luka Djordjevic",23,"Arsenal Tula","Premier Liga","both",185.0,"Montenegro","CF"	
"Federico Rasic",25,"Arsenal Tula","Premier Liga","right",194.0,"Argentina  Croatia","CF"	
"Aslanbek Sikoev",23,"Arsenal Tula II","Premier Liga","right",191.0,"Russia","CF"	
"Igor Shevchenko",33,"Arsenal Tula","Premier Liga","right",180.0,"Russia","CF"	
"Sly",27,"FK Ufa","Premier Liga","right",173.0,"Nigeria","W"	
"Dmitri Sysuev",30,"FK Ufa","Premier Liga","right",176.0,"Russia","W"	
"Kehinde Fatai",28,"FK Ufa","Premier Liga","right",185.0,"Nigeria  Romania","CF"	
"Vyacheslav Krotov",25,"FK Ufa","Premier Liga","right",183.0,"Russia","CF"	
"Yerkebulan Seydakhmet",18,"FK Ufa","Premier Liga","right",178.0,"Kazakhstan","CF"	
"Aleksandr Zuev",21,"FK Rostov","Premier Liga","right",176.0,"Russia  Kazakhstan","W"	
"Aleksey Ionov",29,"FK Rostov","Premier Liga","right",177.0,"Russia","W"	
"Björn Sigurdarson",27,"FK Rostov","Premier Liga","right",187.0,"Iceland","CF"	
"Eldor Shomurodov",22,"FK Rostov","Premier Liga","right",185.0,"Uzbekistan","CF"	
"Vladimir Dyadyun",29,"FK Rostov","Premier Liga","right",183.0,"Russia","CF"	
"Nikolay Dimitrov",30,"Ural Yekaterinburg","Premier Liga","left",175.0,"Bulgaria","W"	
"Dmytro Khomchenovsky",27,"Ural Yekaterinburg","Premier Liga","both",182.0,"Ukraine","W"	
"Nikita Glushkov",23,"Ural Yekaterinburg","Premier Liga","right",175.0,"Russia","W"	
"Giorgi Chanturia",24,"Ural Yekaterinburg","Premier Liga","both",181.0,"Georgia","W"	
"Edgar Manucharyan",31,"Ural Yekaterinburg","Premier Liga","left",177.0,"Armenia","W"	
"Vladimir Iljin",25,"Ural Yekaterinburg","Premier Liga","right",187.0,"Russia","CF"	
"Igor Portnyagin",29,"Ural Yekaterinburg","Premier Liga","right",191.0,"Russia","CF"	
"Aaron Olanare",23,"Amkar Perm","Premier Liga","left",189.0,"Nigeria","CF"	
"Darko Bodul",29,"Amkar Perm","Premier Liga","right",186.0,"Austria  Croatia","CF"	
"Aleksey Gasilin",22,"Amkar Perm","Premier Liga","both",185.0,"Russia","CF"	
"Pavel Yakovlev",26,"Anzhi Makhachkala","Premier Liga","right",180.0,"Russia","W"	
"Ivan Markelov",29,"Anzhi Makhachkala","Premier Liga","left",185.0,"Russia","W"	
"Arsen Khubulov",27,"Anzhi Makhachkala","Premier Liga","right",181.0,"Russia","W"	
"Pylyp Budkivsky",26,"Anzhi Makhachkala","Premier Liga","right",196.0,"Ukraine","CF"	
"Juan Lescano",25,"Anzhi Makhachkala","Premier Liga","right",188.0,"Argentina","CF"	
"Aleksandr Prudnikov",29,"Anzhi Makhachkala","Premier Liga","both",185.0,"Russia","CF"	
"Amur Kalmykov",23,"Anzhi Makhachkala","Premier Liga","right",194.0,"Russia","CF"	
"Pavel Dolgov",21,"Anzhi Makhachkala","Premier Liga","right",187.0,"Russia","CF"	
"Ricardinho",28,"FK Tosno","Premier Liga","both",178.0,"Brazil","W"	
"Nikola Trujic",25,"FK Tosno","Premier Liga","right",182.0,"Serbia","W"	
"Reziuan Mirzov",24,"FK Tosno","Premier Liga","right",180.0,"Russia","W"	
"Aleksandr Makarov",21,"FK Tosno","Premier Liga","right",175.0,"Russia","W"	
"Pavel Pogrebnyak",34,"FK Tosno","Premier Liga","left",188.0,"Russia","CF"	
"Alejandro Barbaro",26,"SKA Khabarovsk","Premier Liga","both",177.0,"Argentina  Italy","W"	
"Konstantin Savichev",24,"SKA Khabarovsk","Premier Liga","right",172.0,"Russia","W"	
"Vladislav Nikiforov",28,"SKA Khabarovsk","Premier Liga","right",166.0,"Russia","W"	
"Dmitri Kabutov",25,"SKA Khabarovsk","Premier Liga","right",173.0,"Russia","W"	
"Maksim Kazankov",30,"SKA Khabarovsk","Premier Liga","right",175.0,"Russia  Turkmenistan","W"	
"Maksim Kanunnikov",26,"SKA Khabarovsk","Premier Liga","right",184.0,"Russia","CF"	
"Miroslav Markovic",28,"SKA Khabarovsk","Premier Liga","both",184.0,"Serbia","CF"	
"Lukasz Sekulski",27,"SKA Khabarovsk","Premier Liga","right",187.0,"Poland","CF"	
"Aleksandr Maksimenko",21,"SKA Khabarovsk II","Premier Liga","right",169.0,"Russia","CF"	
"Ousmane Dembélé",20,"FC Barcelona","LaLiga","both",178.0,"France  Mauritania","W"	
"Lionel Messi",30,"FC Barcelona","LaLiga","left",170.0,"Argentina  Spain","W"	
"Aleix Vidal",28,"FC Barcelona","LaLiga","right",177.0,"Spain","W"	
"Luis Suárez",31,"FC Barcelona","LaLiga","right",182.0,"Uruguay  Italy","CF"	
"Paco Alcácer",24,"FC Barcelona","LaLiga","right",175.0,"Spain","CF"	
"Cristiano Ronaldo",33,"Real Madrid","LaLiga","both",187.0,"Portugal","W"	
"Marco Asensio",22,"Real Madrid","LaLiga","left",182.0,"Spain  Netherlands","W"	
"Gareth Bale",28,"Real Madrid","LaLiga","left",185.0,"Wales","W"	
"Lucas Vázquez",26,"Real Madrid","LaLiga","right",173.0,"Spain","W"	
"Karim Benzema",30,"Real Madrid","LaLiga","both",185.0,"France  Algeria","CF"	
"Borja Mayoral",20,"Real Madrid","LaLiga","right",182.0,"Spain","CF"	
"Vitolo",28,"Atlético Madrid","LaLiga","right",184.0,"Spain","W"	
"Ángel Correa",23,"Atlético Madrid","LaLiga","right",172.0,"Argentina  Spain","W"	
"Antoine Griezmann",26,"Atlético Madrid","LaLiga","left",175.0,"France","CF"	
"Diego Costa",29,"Atlético Madrid","LaLiga","right",186.0,"Spain  Brazil","CF"	
"Kévin Gameiro",30,"Atlético Madrid","LaLiga","right",172.0,"France","CF"	
"Fernando Torres",33,"Atlético Madrid","LaLiga","right",186.0,"Spain","CF"	
"Gonçalo Guedes",21,"Valencia CF","LaLiga","right",179.0,"Portugal","W"	
"Andreas Pereira",22,"Valencia CF","LaLiga","right",178.0,"Brazil  Belgium","W"	
"Ferrán Torres",18,"Valencia CF","LaLiga","right",184.0,"Spain","W"	
"Simone Zaza",26,"Valencia CF","LaLiga","left",186.0,"Italy","CF"	
"Rodrigo",27,"Valencia CF","LaLiga","left",182.0,"Spain  Brazil","CF"	
"Luciano Vietto",24,"Valencia CF","LaLiga","right",173.0,"Argentina  Italy","CF"	
"Santi Mina",22,"Valencia CF","LaLiga","right",181.0,"Spain","CF"	
"Joaquín Correa",23,"Sevilla FC","LaLiga","right",188.0,"Argentina  Italy","W"	
"Nolito",31,"Sevilla FC","LaLiga","right",175.0,"Spain","W"	
"Pablo Sarabia",25,"Sevilla FC","LaLiga","left",178.0,"Spain","W"	
"Jesús Navas",32,"Sevilla FC","LaLiga","right",170.0,"Spain","W"	
"Wissam Ben Yedder",27,"Sevilla FC","LaLiga","right",170.0,"France  Tunisia","CF"	
"Luis Muriel",26,"Sevilla FC","LaLiga","right",179.0,"Colombia","CF"	
"Sandro Ramírez",22,"Sevilla FC","LaLiga","right",175.0,"Spain","CF"	
"Roberto Soriano",27,"Villarreal CF","LaLiga","both",182.0,"Italy  Germany","W"	
"Denis Cheryshev",27,"Villarreal CF","LaLiga","left",179.0,"Russia  Spain","W"	
"Samu Castillejo",23,"Villarreal CF","LaLiga","left",182.0,"Spain","W"	
"Daniel Raba",22,"Villarreal CF","LaLiga","left",184.0,"Spain","W"	
"Salem Al-Dawsari",26,"Villarreal CF","LaLiga","right",171.0,"Saudi Arabia","W"	
"Carlos Bacca",31,"Villarreal CF","LaLiga","right",181.0,"Colombia","CF"	
"Nicola Sansone",26,"Villarreal CF","LaLiga","right",173.0,"Italy  Germany","CF"	
"Enes Ünal",20,"Villarreal CF","LaLiga","right",185.0,"Turkey","CF"	
"Roger Martínez",23,"Villarreal CF","LaLiga","right",180.0,"Colombia","CF"	
"Iker Muniain",25,"Athletic Bilbao","LaLiga","right",169.0,"Spain","W"	
"Iñigo Córdoba",20,"Athletic Bilbao","LaLiga","left",179.0,"Spain","W"	
"Sabin Merino",26,"Athletic Bilbao","LaLiga","right",187.0,"Spain","W"	
"Iñaki Williams",23,"Athletic Bilbao","LaLiga","right",186.0,"Spain","W"	
"Markel Susaeta",30,"Athletic Bilbao","LaLiga","right",179.0,"Spain","W"	
"Aritz Aduriz",37,"Athletic Bilbao","LaLiga","right",182.0,"Spain","CF"	
"Kike Sola",32,"Athletic Bilbao","LaLiga","right",184.0,"Spain","CF"	
"Mikel Oyarzabal",20,"Real Sociedad","LaLiga","left",181.0,"Spain","W"	
"Adnan Januzaj",23,"Real Sociedad","LaLiga","left",186.0,"Belgium  Kosovo","W"	
"Juanmi",24,"Real Sociedad","LaLiga","right",172.0,"Spain","W"	
"David Concha",21,"Real Sociedad","LaLiga","right",179.0,"Spain","W"	
"Willian José",26,"Real Sociedad","LaLiga","right",189.0,"Brazil","CF"	
"Jon Bautista",22,"Real Sociedad","LaLiga","right",180.0,"Spain","CF"	
"Imanol Agirretxe",31,"Real Sociedad","LaLiga","right",187.0,"Spain","CF"	
"Pione Sisto",23,"Celta de Vigo","LaLiga","right",171.0,"Denmark  Uganda","W"	
"Emre Mor",20,"Celta de Vigo","LaLiga","left",169.0,"Turkey  Denmark","W"	
"Iago Aspas",30,"Celta de Vigo","LaLiga","left",176.0,"Spain","W"	
"Maximiliano Gómez",21,"Celta de Vigo","LaLiga","right",186.0,"Uruguay","CF"	
"Lucas Boyé",22,"Celta de Vigo","LaLiga","right",183.0,"Argentina  Italy","CF"	
"Cristian Tello",26,"Real Betis Balompié","LaLiga","both",178.0,"Spain","W"	
"Joel Campbell",25,"Real Betis Balompié","LaLiga","left",178.0,"Costa Rica","W"	
"Joaquín",36,"Real Betis Balompié","LaLiga","right",181.0,"Spain","W"	
"Francis Guerrero",22,"Real Betis Balompié","LaLiga","right",175.0,"Spain","W"	
"Antonio Sanabria",22,"Real Betis Balompié","LaLiga","right",181.0,"Paraguay","CF"	
"Sergio León",29,"Real Betis Balompié","LaLiga","right",176.0,"Spain","CF"	
"Rubén Castro",36,"Real Betis Balompié","LaLiga","right",168.0,"Spain","CF"	
"Loren Morón",24,"Real Betis Balompié","LaLiga","",185.0,"Spain","CF"	
"Pablo Piatti",28,"RCD Espanyol Barcelona","LaLiga","both",163.0,"Argentina  Italy","W"	
"Gerard Moreno",25,"RCD Espanyol Barcelona","LaLiga","left",180.0,"Spain","CF"	
"Leo Baptistão",25,"RCD Espanyol Barcelona","LaLiga","right",181.0,"Brazil  Spain","CF"	
"Sergio García",34,"RCD Espanyol Barcelona","LaLiga","right",174.0,"Spain","CF"	
"Jairo Morillas",24,"RCD Espanyol Barcelona","LaLiga","right",187.0,"Spain","CF"	
"Zakaria Bakkali",22,"Deportivo de La Coruña","LaLiga","right",168.0,"Belgium  Morocco","W"	
"Borja Valle",25,"Deportivo de La Coruña","LaLiga","right",177.0,"Spain","W"	
"Federico Cartabia",25,"Deportivo de La Coruña","LaLiga","left",170.0,"Argentina  Spain","W"	
"Carles Gil",25,"Deportivo de La Coruña","LaLiga","left",171.0,"Spain","W"	
"Lucas Pérez",29,"Deportivo de La Coruña","LaLiga","left",180.0,"Spain","CF"	
"Florin Andone",24,"Deportivo de La Coruña","LaLiga","right",180.0,"Romania  Spain","CF"	
"Adrián López",30,"Deportivo de La Coruña","LaLiga","right",183.0,"Spain","CF"	
"Isaac Success",22,"Málaga CF","LaLiga","right",182.0,"Nigeria","W"	
"Maxime Lestienne",25,"Málaga CF","LaLiga","left",176.0,"Belgium","W"	
"Chory Castro",33,"Málaga CF","LaLiga","left",178.0,"Uruguay  Spain","W"	
"Keko",26,"Málaga CF","LaLiga","right",172.0,"Spain","W"	
"Samu García",27,"Málaga CF","LaLiga","right",177.0,"Spain","W"	
"Diego Rolán",24,"Málaga CF","LaLiga","right",177.0,"Uruguay","CF"	
"Borja Bastón",25,"Málaga CF","LaLiga","right",186.0,"Spain","CF"	
"Brown Ideye",29,"MĂĄlaga CF","LaLiga","right",181.0,"Nigeria","CF"	
"Adalberto Peñaranda",20,"Málaga CF","LaLiga","right",185.0,"Venezuela","CF"	
"Youssef En-Nesyri",20,"Málaga CF","LaLiga","both",189.0,"Morocco","CF"	
"Cristhian Stuani",31,"Girona FC","LaLiga","right",184.0,"Uruguay  Italy","CF"	
"Anthony Lozano",24,"Girona FC","LaLiga","right",183.0,"Honduras","CF"	
"Michael Olunga",23,"Girona FC","LaLiga","",190.0,"Kenya","CF"	
"Takashi Inui",29,"SD Eibar","LaLiga","right",170.0,"Japan","W"	
"Pedro León",31,"SD Eibar","LaLiga","right",183.0,"Spain","W"	
"Fabián Orellana",32,"SD Eibar","LaLiga","right",171.0,"Chile","W"	
"Iván Alejo",23,"SD Eibar","LaLiga","right",186.0,"Spain","W"	
"Rubén Peña",26,"SD Eibar","LaLiga","right",170.0,"Spain","W"	
"Sergi Enrich",28,"SD Eibar","LaLiga","right",181.0,"Spain","CF"	
"Kike",28,"SD Eibar","LaLiga","right",186.0,"Spain","CF"	
"Charles",33,"SD Eibar","LaLiga","right",179.0,"Brazil  Portugal","CF"	
"Alfonso Pedraza",21,"Deportivo Alavés","LaLiga","left",184.0,"Spain","W"	
"Burgui",24,"Deportivo Alavés","LaLiga","right",184.0,"Spain","W"	
"Ibai Gómez",28,"Deportivo Alavés","LaLiga","right",178.0,"Spain","W"	
"Hernán Pérez",29,"Deportivo Alavés","LaLiga","right",180.0,"Paraguay  Spain","W"	
"Munir El Haddadi",22,"Deportivo Alavés","LaLiga","left",175.0,"Spain  Morocco","CF"	
"John Guidetti",25,"Deportivo Alavés","LaLiga","right",185.0,"Sweden","CF"	
"Christian Santos",29,"Deportivo Alavés","LaLiga","left",184.0,"Venezuela  Germany","CF"	
"Rubén Sobrino",25,"Deportivo Alavés","LaLiga","right",185.0,"Spain","CF"	
"Ermedin Demirovic",19,"Deportivo Alavés","LaLiga","right",184.0,"Bosnia-Herzegovina  Germany","CF"	
"Alexander Szymanowski",29,"CD Leganés","LaLiga","left",174.0,"Argentina  Poland","W"	
"José Naranjo",23,"CD Leganés","LaLiga","right",182.0,"Spain","W"	
"Nordin Amrabat",30,"CD Leganés","LaLiga","right",179.0,"Morocco  Netherlands","W"	
"Nabil El Zhar",31,"CD Leganés","LaLiga","both",170.0,"Morocco  France","W"	
"Omar",30,"CD Leganés","LaLiga","left",176.0,"Spain","W"	
"Claudio Beauvue",29,"CD Leganés","LaLiga","right",174.0,"Guadeloupe  France","CF"	
"Miguel Ángel Guerrero",27,"CD Leganés","LaLiga","right",180.0,"Spain","CF"	
"Amath Ndiaye",21,"Getafe CF","LaLiga","right",173.0,"Senegal","W"	
"Dani Pacheco",27,"Getafe CF","LaLiga","both",168.0,"Spain  Brazil","W"	
"Álvaro Jiménez",22,"Getafe CF","LaLiga","right",176.0,"Spain","W"	
"Loïc Rémy",31,"Getafe CF","LaLiga","right",185.0,"France  Martinique","CF"	
"Ángel Rodríguez",30,"Getafe CF","LaLiga","right",171.0,"Spain","CF"	
"Jorge Molina",35,"Getafe CF","LaLiga","right",188.0,"Spain","CF"	
"José Luis Morales",30,"Levante UD","LaLiga","right",180.0,"Spain","W"	
"Fahad Al-Muwallad",23,"Levante UD","LaLiga","right",167.0,"Saudi Arabia","W"	
"Ivi",23,"Levante UD","LaLiga","right",174.0,"Spain","W"	
"Jason",23,"Levante UD","LaLiga","right",178.0,"Spain","W"	
"Roger Martí",27,"Levante UD","LaLiga","right",179.0,"Spain","CF"	
"Emmanuel Boateng",21,"Levante UD","LaLiga","right",175.0,"Ghana","CF"	
"Alex Alegría",25,"Levante UD","LaLiga","right",190.0,"Spain","CF"	
"Giampaolo Pazzini",33,"Levante UD","LaLiga","right",180.0,"Italy","CF"	
"Armando Sadiku",26,"Levante UD","LaLiga","right",182.0,"Albania  Bulgaria","CF"	
"Jairo Samperio",24,"UD Las Palmas","LaLiga","right",173.0,"Spain","W"	
"Hernán Toledo",22,"UD Las Palmas","LaLiga","right",180.0,"Argentina","W"	
"Nacho Gil",22,"UD Las Palmas","LaLiga","right",170.0,"Spain","W"	
"Momo",35,"UD Las Palmas","LaLiga","left",179.0,"Spain","W"	
"Jonathan Calleri",24,"UD Las Palmas","LaLiga","right",181.0,"Argentina  Italy","CF"	
"Emmanuel Emenike",30,"UD Las Palmas","LaLiga","right",182.0,"Nigeria","CF"	
"Imoh Ezekiel",24,"UD Las Palmas","LaLiga","right",178.0,"Nigeria","CF"	
"Justin Kluivert",18,"Ajax Amsterdam","Eredivisie","both",171.0,"Netherlands  Suriname","W"	
"Amin Younes",24,"Ajax Amsterdam","Eredivisie","both",168.0,"Germany  Lebanon","W"	
"Dennis Johnsen",20,"Ajax Amsterdam","Eredivisie","right",185.0,"Norway","W"	
"David Neres",21,"Ajax Amsterdam","Eredivisie","left",175.0,"Brazil","W"	
"Vaclav Cerny",20,"Ajax Amsterdam","Eredivisie","left",179.0,"Czech Republic","W"	
"Kasper Dolberg",20,"Ajax Amsterdam","Eredivisie","right",187.0,"Denmark","CF"	
"Mateo Cassierra",20,"Ajax Amsterdam","Eredivisie","right",184.0,"Colombia","CF"	
"Klaas-Jan Huntelaar",34,"Ajax Amsterdam","Eredivisie","right",186.0,"Netherlands","CF"	
"Hirving Lozano",22,"PSV Eindhoven","Eredivisie","right",175.0,"Mexico","W"	
"Steven Bergwijn",20,"PSV Eindhoven","Eredivisie","right",178.0,"Netherlands  Suriname","W"	
"Gastón Pereiro",22,"PSV Eindhoven","Eredivisie","left",188.0,"Uruguay","W"	
"Albert Gudmundsson",20,"PSV Eindhoven","Eredivisie","right",177.0,"Iceland","W"	
"Maximiliano Romero",19,"PSV Eindhoven","Eredivisie","right",179.0,"Argentina","CF"	
"Luuk de Jong",27,"PSV Eindhoven","Eredivisie","right",188.0,"Netherlands","CF"	
"Sam Lammers",20,"PSV Eindhoven","Eredivisie","both",189.0,"Netherlands","CF"	
"Donyell Malen",19,"PSV Eindhoven U21","Eredivisie","right",0,"Netherlands","CF"	
"Sam Larsson",24,"Feyenoord Rotterdam","Eredivisie","right",180.0,"Sweden","W"	
"Jean-Paul Boëtius",23,"Feyenoord Rotterdam","Eredivisie","right",178.0,"Netherlands  Suriname","W"	
"Cheick Toure",17,"Feyenoord Rotterdam","Eredivisie","",167.0,"Netherlands  Guinea","W"	
"Steven Berghuis",26,"Feyenoord Rotterdam","Eredivisie","left",182.0,"Netherlands","W"	
"Bilal Basacikoglu",22,"Feyenoord Rotterdam","Eredivisie","right",173.0,"Turkey  Netherlands","W"	
"Nicolai Jörgensen",27,"Feyenoord Rotterdam","Eredivisie","right",190.0,"Denmark","CF"	
"Robin van Persie",34,"Feyenoord Rotterdam","Eredivisie","left",183.0,"Netherlands","CF"	
"Dylan Vente",18,"Feyenoord Rotterdam","Eredivisie","right",184.0,"Netherlands","CF"	
"Oussama Idrissi",22,"AZ Alkmaar","Eredivisie","right",183.0,"Netherlands  Morocco","W"	
"Alireza Jahanbakhsh",24,"AZ Alkmaar","Eredivisie","both",180.0,"Iran","W"	
"Calvin Stengs",19,"AZ Alkmaar","Eredivisie","left",182.0,"Netherlands  Suriname","W"	
"Wout Weghorst",25,"AZ Alkmaar","Eredivisie","right",197.0,"Netherlands","CF"	
"Ondřej Mihálik",20,"AZ Alkmaar","Eredivisie","right",188.0,"Czech Republic","CF"	
"Myron Boadu",17,"AZ Alkmaar","Eredivisie","both",180.0,"Netherlands  Ghana","CF"	
"Ferdy Druijf",20,"AZ Alkmaar","Eredivisie","right",190.0,"Netherlands","CF"	
"Patrick Joosten",21,"FC Utrecht","Eredivisie","right",185.0,"Netherlands","W"	
"Gyrano Kerk",22,"FC Utrecht","Eredivisie","right",175.0,"Netherlands  Suriname","W"	
"Bilal Ould-Chikh",20,"FC Utrecht","Eredivisie","left",170.0,"Morocco  Netherlands","W"	
"Jean-Christophe Bahebeck",24,"FC Utrecht","Eredivisie","right",182.0,"France  Cameroon","CF"	
"Cyriel Dessers",23,"FC Utrecht","Eredivisie","both",185.0,"Belgium  Nigeria","CF"	
"Simon Makienok",27,"FC Utrecht","Eredivisie","right",201.0,"Denmark","CF"	
"Lukas Görtler",23,"FC Utrecht","Eredivisie","right",183.0,"Germany","CF"	
"Nick Venema",18,"FC Utrecht U21","Eredivisie","right",181.0,"Netherlands","CF"	
"Arber Zeneli",23,"SC Heerenveen","Eredivisie","right",176.0,"Kosovo  Sweden","W"	
"Nemanja Mihajlovic",22,"SC Heerenveen","Eredivisie","right",173.0,"Serbia","W"	
"Martin Ödegaard",19,"SC Heerenveen","Eredivisie","left",178.0,"Norway","W"	
"Marco Rojas",26,"SC Heerenveen","Eredivisie","right",168.0,"New Zealand  Chile","W"	
"Reza Ghoochannejhad",30,"SC Heerenveen","Eredivisie","left",180.0,"Iran  Netherlands","CF"	
"Henk Veerman",27,"SC Heerenveen","Eredivisie","right",201.0,"Netherlands","CF"	
"Bryan Linssen",27,"Vitesse Arnhem","Eredivisie","right",170.0,"Netherlands","W"	
"Lars ten Teije",19,"Vitesse Arnhem U21","Eredivisie","",0,"Netherlands","W"	
"Roy Beerens",30,"Vitesse Arnhem","Eredivisie","",173.0,"Netherlands","W"	
"Mitchell van Bergen",18,"Vitesse Arnhem","Eredivisie","right",170.0,"Netherlands","W"	
"Tim Matavz",29,"Vitesse Arnhem","Eredivisie","right",188.0,"Slovenia","CF"	
"Luc Castaignos",25,"Vitesse Arnhem","Eredivisie","right",188.0,"Netherlands  France","CF"	
"Mimoun Mahi",23,"FC Groningen","Eredivisie","right",181.0,"Morocco  Netherlands","W"	
"Ajdin Hrustic",21,"FC Groningen","Eredivisie","left",183.0,"Australia  Bosnia-Herzegovina","W"	
"Uriel Antuna",20,"FC Groningen","Eredivisie","right",174.0,"Mexico","W"	
"Lars Veldwijk",26,"FC Groningen","Eredivisie","",196.0,"South Africa  Netherlands","CF"	
"Tom van Weert",27,"FC Groningen","Eredivisie","right",181.0,"Netherlands","CF"	
"Youness Mokhtar",26,"PEC Zwolle","Eredivisie","right",178.0,"Morocco  Netherlands","W"	
"Queensy Menig",22,"PEC Zwolle","Eredivisie","right",174.0,"Netherlands  Suriname","W"	
"Terell Ondaan",24,"PEC Zwolle","Eredivisie","",175.0,"Netherlands  Suriname","W"	
"Younes Namli",23,"PEC Zwolle","Eredivisie","left",180.0,"Denmark  Morocco","W"	
"Athanasios Karagounis",26,"PEC Zwolle","Eredivisie","both",177.0,"Greece","W"	
"Piotr Parzyszek",24,"PEC Zwolle","Eredivisie","both",191.0,"Poland  Netherlands","CF"	
"Stef Nijland",29,"PEC Zwolle","Eredivisie","both",187.0,"Netherlands","CF"	
"Oussama Assaidi",29,"FC Twente Enschede","Eredivisie","right",175.0,"Morocco  Netherlands","W"	
"Adnane Tighadouini",25,"FC Twente Enschede","Eredivisie","both",180.0,"Morocco  Netherlands","W"	
"Dylan George",19,"FC Twente Enschede","Eredivisie","right",0,"Netherlands","W"	
"Luciano Slagveer",24,"FC Twente Enschede","Eredivisie","right",179.0,"Netherlands  Suriname","W"	
"Tom Boere",25,"FC Twente Enschede","Eredivisie","right",185.0,"Netherlands","CF"	
"Mounir El Hamdaoui",33,"FC Twente Enschede","Eredivisie","right",183.0,"Morocco  Netherlands","CF"	
"Marko Kvasina",21,"FC Twente Enschede","Eredivisie","right",194.0,"Austria  Croatia","CF"	
"Jari Oosterwijk",23,"FC Twente Enschede","Eredivisie","",194.0,"Netherlands","CF"	
"Ricardo Kishna",23,"ADO Den Haag","Eredivisie","left",183.0,"Netherlands  Suriname","W"	
"Édouard Duplan",34,"ADO Den Haag","Eredivisie","right",179.0,"France","W"	
"Melvyn Lorenzen",23,"ADO Den Haag","Eredivisie","right",188.0,"Uganda  Germany","W"	
"Sheraldo Becker",23,"ADO Den Haag","Eredivisie","right",180.0,"Netherlands  Suriname","W"	
"Elson Hooi",26,"ADO Den Haag","Eredivisie","right",169.0,"Curacao  Netherlands","W"	
"Björn Johnsen",26,"ADO Den Haag","Eredivisie","right",195.0,"Norway  United States","CF"	
"Delano Ladan",18,"ADO Den Haag","Eredivisie","both",177.0,"Netherlands","CF"	
"Kristoffer Peterson",23,"Heracles Almelo","Eredivisie","right",180.0,"Sweden","W"	
"Zeki Erkilinc",20,"Heracles Almelo","Eredivisie","right",174.0,"Netherlands  Turkey","W"	
"Brandley Kuwas",25,"Heracles Almelo","Eredivisie","left",181.0,"Curacao  Netherlands","W"	
"Brahim Darri",23,"Heracles Almelo","Eredivisie","right",175.0,"Netherlands  Morocco","W"	
"Jaroslav Navrátil",26,"Heracles Almelo","Eredivisie","",176.0,"Czech Republic","W"	
"Paul Gladon",25,"Heracles Almelo","Eredivisie","",188.0,"Netherlands","CF"	
"Vincent Vermeij",23,"Heracles Almelo","Eredivisie","",196.0,"Netherlands","CF"	
"Kai Huisman",22,"Heracles Almelo","Eredivisie","right",177.0,"Netherlands","CF"	
"Mo El Hankouri",20,"Willem II Tilburg","Eredivisie","right",176.0,"Netherlands  Morocco","W"	
"Karim Coulibaly",24,"Willem II Tilburg","Eredivisie","left",184.0,"France  Senegal","W"	
"Kristófer Ingi Kristinsson",18,"Willem II Tilburg U21","Eredivisie","left",190.0,"Iceland","W"	
"Ismail Azzaoui",20,"Willem II Tilburg","Eredivisie","right",177.0,"Belgium  Morocco","W"	
"Jordy Croux",24,"Willem II Tilburg","Eredivisie","left",172.0,"Belgium","W"	
"Asumah Abubakar",20,"Willem II Tilburg","Eredivisie","right",183.0,"Portugal  Ghana","W"	
"Fran Sol",25,"Willem II Tilburg","Eredivisie","",180.0,"Spain","CF"	
"Bartholomew Ogbeche",33,"Willem II Tilburg","Eredivisie","both",178.0,"Nigeria  France","CF"	
"Etien Velikonja",29,"Willem II Tilburg","Eredivisie","left",178.0,"Slovenia","CF"	
"Dabney dos Santos",21,"Sparta Rotterdam","Eredivisie","right",176.0,"Netherlands  Cape Verde","W"	
"Craig Goodwin",26,"Sparta Rotterdam","Eredivisie","left",180.0,"Australia","W"	
"Soufyan Ahannach",22,"Sparta Rotterdam","Eredivisie","right",173.0,"Netherlands  Morocco","W"	
"Loris Brogno",25,"Sparta Rotterdam","Eredivisie","left",178.0,"Belgium  Italy","W"	
"Thomas Verhaar",30,"Sparta Rotterdam","Eredivisie","left",180.0,"Netherlands","W"	
"Ilias Alhaft",21,"Sparta Rotterdam","Eredivisie","left",171.0,"Netherlands","W"	
"Michiel Kramer",29,"Sparta Rotterdam","Eredivisie","right",196.0,"Netherlands","CF"	
"Fred Friday",22,"Sparta Rotterdam","Eredivisie","both",187.0,"Nigeria","CF"	
"Robert Mühren",28,"Sparta Rotterdam","Eredivisie","both",187.0,"Netherlands","CF"	
"Nick Proschwitz",31,"Sparta Rotterdam","Eredivisie","right",192.0,"Germany","CF"	
"Ragnar Ache",19,"Sparta Rotterdam","Eredivisie","",187.0,"Germany  Ghana","CF"	
"Thomas Agyepong",21,"NAC Breda","Eredivisie","",0,"Ghana","W"	
"Diego Snepvangers",19,"NAC Breda","Eredivisie","left",175.0,"Netherlands","W"	
"Giovanni Korte",24,"NAC Breda","Eredivisie","right",170.0,"Netherlands","W"	
"Paolo Fernandes",19,"NAC Breda","Eredivisie","left",167.0,"Spain","W"	
"Umar Sadiq",21,"NAC Breda","Eredivisie","right",192.0,"Nigeria","CF"	
"Thierry Ambrose",20,"NAC Breda","Eredivisie","right",178.0,"France  Guadeloupe","CF"	
"Mitchell te Vrede",26,"NAC Breda","Eredivisie","right",191.0,"Netherlands","CF"	
"Richelor Sprangers",20,"NAC Breda","Eredivisie","",184.0,"Haiti  Netherlands","CF"	
"Levi García",20,"Excelsior Rotterdam","Eredivisie","left",182.0,"Trinidad and Tobago","W"	
"Stanley Elbers",25,"Excelsior Rotterdam","Eredivisie","right",172.0,"Netherlands  Suriname","W"	
"Jinty Caenepeel",21,"Excelsior Rotterdam","Eredivisie","both",178.0,"Belgium","W"	
"Mike van Duinen",26,"Excelsior Rotterdam","Eredivisie","both",185.0,"Netherlands","CF"	
"Zakaria El Azzouzi",21,"Excelsior Rotterdam","Eredivisie","right",177.0,"Netherlands  Morocco","CF"	
"Gyliano van Velzen",23,"Roda JC Kerkrade","Eredivisie","both",186.0,"Netherlands  Suriname","W"	
"Mikhael Rosheuvel",27,"Roda JC Kerkrade","Eredivisie","right",176.0,"Netherlands  Suriname","W"	
"Mario Engels",24,"Roda JC Kerkrade","Eredivisie","right",184.0,"Germany","W"	
"Célestin Djim",22,"Roda JC Kerkrade","Eredivisie","right",179.0,"Belgium  Central African Republic","W"	
"Dani Schahin",28,"Roda JC Kerkrade","Eredivisie","both",187.0,"Germany","CF"	
"Jorn Vancamp",19,"Roda JC Kerkrade","Eredivisie","",186.0,"Belgium","CF"	
"Maecky Ngombo",22,"Roda JC Kerkrade","Eredivisie","",191.0,"Belgium  DR Congo","CF"	
"Torino Hunte",27,"VVV-Venlo","Eredivisie","right",184.0,"Netherlands  Suriname","W"	
"Lugman Bezzat",21,"VVV-Venlo","Eredivisie","",175.0,"Netherlands  Morocco","W"	
"Vito van Crooij",22,"VVV-Venlo","Eredivisie","left",179.0,"Netherlands","W"	
"Romeo Castelen",34,"VVV-Venlo","Eredivisie","right",170.0,"Netherlands  Suriname","W"	
"Lennart Thy",26,"VVV-Venlo","Eredivisie","right",184.0,"Germany","CF"	
"Emil Riis",19,"VVV-Venlo","Eredivisie","",190.0,"Denmark","CF"	
"Leroy Sané",22,"Manchester City","Premier League","left",184.0,"Germany  France","W"	
"Raheem Sterling",23,"Manchester City","Premier League","right",170.0,"England  Jamaica","W"	
"Bernardo Silva",23,"Manchester City","Premier League","left",173.0,"Portugal","W"	
"Sergio Agüero",29,"Manchester City","Premier League","right",173.0,"Argentina  Spain","CF"	
"Gabriel Jesus",20,"Manchester City","Premier League","right",175.0,"Brazil","CF"	
"Alexis Sánchez",29,"Manchester United","Premier League","right",169.0,"Chile","W"	
"Anthony Martial",22,"Manchester United","Premier League","right",183.0,"France  Guadeloupe","W"	
"Jesse Lingard",25,"Manchester United","Premier League","right",174.0,"England","W"	
"Romelu Lukaku",24,"Manchester United","Premier League","left",191.0,"Belgium  DR Congo","CF"	
"Marcus Rashford",20,"Manchester United","Premier League","right",185.0,"England","CF"	
"Zlatan Ibrahimovic",36,"Manchester United","Premier League","both",195.0,"Sweden  Bosnia-Herzegovina","CF"	
"Heung-Min Son",25,"Tottenham Hotspur","Premier League","both",184.0,"Korea South","W"
"Lucas",25,"Tottenham Hotspur","Premier League","right",174.0,"Brazil","W"	
"Érik Lamela",26,"Tottenham Hotspur","Premier League","left",184.0,"Argentina  Spain","W"	
"Harry Kane",24,"Tottenham Hotspur","Premier League","right",188.0,"England","CF"	
"Fernando Llorente",33,"Tottenham Hotspur","Premier League","right",193.0,"Spain","CF"	
"Eden Hazard",27,"Chelsea FC","Premier League","both",173.0,"Belgium","W"	
"Pedro",30,"Chelsea FC","Premier League","both",167.0,"Spain","W"	
"Willian",29,"Chelsea FC","Premier League","right",175.0,"Brazil","W"	
"Álvaro Morata",25,"Chelsea FC","Premier League","right",189.0,"Spain","CF"	
"Olivier Giroud",31,"Chelsea FC","Premier League","left",192.0,"France","CF"	
"Sadio Mané",25,"Liverpool FC","Premier League","right",175.0,"Senegal","W"	
"Ben Woodburn",18,"Liverpool FC","Premier League","right",174.0,"Wales  England","W"	
"Mohamed Salah",25,"Liverpool FC","Premier League","left",175.0,"Egypt","W"	
"Danny Ings",25,"Liverpool FC","Premier League","right",178.0,"England","CF"	
"Dominic Solanke",20,"Liverpool FC","Premier League","right",186.0,"England  Nigeria","CF"	
"Alex Iwobi",21,"Arsenal FC","Premier League","right",183.0,"Nigeria  England","W"	
"Pierre-Emerick Aubameyang",28,"Arsenal FC","Premier League","right",187.0,"Gabon  France","CF"	
"Alexandre Lacazette",26,"Arsenal FC","Premier League","right",175.0,"France  Guadeloupe","CF"	
"Danny Welbeck",27,"Arsenal FC","Premier League","right",183.0,"England  Ghana","CF"	
"Yannick Bolasie",28,"Everton FC","Premier League","both",185.0,"DR Congo  England","W"	
"Theo Walcott",28,"Everton FC","Premier League","both",175.0,"England","W"	
"Cenk Tosun",26,"Everton FC","Premier League","right",183.0,"Turkey  Germany","CF"	
"Dominic Calvert-Lewin",20,"Everton FC","Premier League","right",187.0,"England","CF"	
"Oumar Niasse",27,"Everton FC","Premier League","right",182.0,"Senegal","CF"	
"Nathan Redmond",24,"Southampton FC","Premier League","right",173.0,"England  Ireland","W"	
"Dusan Tadic",29,"Southampton FC","Premier League","left",181.0,"Serbia","W"	
"Josh Sims",20,"Southampton FC","Premier League","left",168.0,"England","W"	
"Manolo Gabbiadini",26,"Southampton FC","Premier League","left",181.0,"Italy","CF"	
"Charlie Austin",28,"Southampton FC","Premier League","right",188.0,"England","CF"	
"Shane Long",31,"Southampton FC","Premier League","both",180.0,"Ireland","CF"	
"Guido Carrillo",26,"Southampton FC","Premier League","right",191.0,"Argentina  Italy","CF"	
"Marko Arnautovic",28,"West Ham United","Premier League","both",193.0,"Austria  Serbia","W"	
"Michail Antonio",27,"West Ham United","Premier League","right",180.0,"England  Jamaica","W"	
"Chicharito",29,"West Ham United","Premier League","right",175.0,"Mexico","CF"	
"Andy Carroll",29,"West Ham United","Premier League","left",193.0,"England","CF"	
"Jordan Hugill",25,"West Ham United","Premier League","right",183.0,"England","CF"	
"Demarai Gray",21,"Leicester City","Premier League","right",179.0,"England  Jamaica","W"	
"Riyad Mahrez",27,"Leicester City","Premier League","left",179.0,"Algeria  France","W"	
"Jamie Vardy",31,"Leicester City","Premier League","right",179.0,"England","CF"	
"Kelechi Iheanacho",21,"Leicester City","Premier League","left",184.0,"Nigeria","CF"	
"Shinji Okazaki",31,"Leicester City","Premier League","both",174.0,"Japan","CF"	
"Fousseni Diabaté",22,"Leicester City","Premier League","left",175.0,"Mali  France","CF"	
"Bakary Sako",29,"Crystal Palace","Premier League","left",183.0,"Mali  France","W"	
"Wilfried Zaha",25,"Crystal Palace","Premier League","right",180.0,"Cote d'Ivoire  England","W"	
"Andros Townsend",26,"Crystal Palace","Premier League","left",177.0,"England","W"	
"Chung-Yong Lee",29,"Crystal Palace","Premier League","right",180.0,"Korea South","W"
"Christian Benteke",27,"Crystal Palace","Premier League","right",190.0,"Belgium  DR Congo","CF"	
"Connor Wickham",24,"Crystal Palace","Premier League","right",189.0,"England  Northern Ireland","CF"	
"Alexander Sörloth",22,"Crystal Palace","Premier League","left",194.0,"Norway","CF"	
"Eric Maxim Choupo-Moting",28,"Stoke City","Premier League","right",191.0,"Cameroon  Germany","W"	
"Jesé",25,"Stoke City","Premier League","right",178.0,"Spain","W"	
"Ramadan Sobhi",21,"Stoke City","Premier League","right",183.0,"Egypt","W"	
"Xherdan Shaqiri",26,"Stoke City","Premier League","left",169.0,"Switzerland  Kosovo","W"	
"Saido Berahino",24,"Stoke City","Premier League","right",179.0,"England  Burundi","CF"	
"Mame Diouf",30,"Stoke City","Premier League","right",185.0,"Senegal","CF"	
"Peter Crouch",37,"Stoke City","Premier League","right",201.0,"England  Ireland","CF"	
"Richarlison",20,"Watford FC","Premier League","right",179.0,"Brazil","W"	
"Gerard Deulofeu",23,"Watford FC","Premier League","right",177.0,"Spain","W"	
"André Carrillo",26,"Watford FC","Premier League","right",181.0,"Peru","W"	
"Dodi Lukebakio",20,"Watford FC","Premier League","left",187.0,"Belgium  DR Congo","W"	
"Andre Gray",26,"Watford FC","Premier League","right",178.0,"England  Jamaica","CF"	
"Troy Deeney",29,"Watford FC","Premier League","right",184.0,"England  Jamaica","CF"	
"Stefano Okaka",28,"Watford FC","Premier League","right",186.0,"Italy  Nigeria","CF"	
"Jerome Sinclair",21,"Watford FC","Premier League","right",181.0,"England  Jamaica","CF"	
"Nacer Chadli",28,"West Bromwich Albion","Premier League","right",187.0,"Belgium  Morocco","W"	
"James McClean",28,"West Bromwich Albion","Premier League","left",180.0,"Ireland  Northern Ireland","W"	
"Hal Robson-Kanu",28,"West Bromwich Albion","Premier League","left",183.0,"Wales  England","W"	
"Oliver Burke",20,"West Bromwich Albion","Premier League","right",188.0,"Scotland","W"	
"Matt Phillips",26,"West Bromwich Albion","Premier League","right",183.0,"Scotland  England","W"	
"Jonathan Leko",18,"West Bromwich Albion","Premier League","right",182.0,"England  DR Congo","W"	
"Daniel Sturridge",28,"West Bromwich Albion","Premier League","left",180.0,"England  Jamaica","CF"	
"José Salomón Rondón",28,"West Bromwich Albion","Premier League","right",186.0,"Venezuela","CF"	
"Jay Rodríguez",28,"West Bromwich Albion","Premier League","right",185.0,"England  Spain","CF"	
"André Ayew",28,"Swansea City","Premier League","left",176.0,"Ghana  France","W"	
"Wayne Routledge",33,"Swansea City","Premier League","right",170.0,"England  Jamaica","W"	
"Kenji Gorré",23,"Swansea City","Premier League","right",178.0,"Curacao  Netherlands","W"	
"Luciano Narsingh",27,"Swansea City","Premier League","right",175.0,"Netherlands  Suriname","W"	
"Nathan Dyer",30,"Swansea City","Premier League","right",165.0,"England  Jamaica","W"	
"Wilfried Bony",29,"Swansea City","Premier League","right",181.0,"Cote d'Ivoire","CF"	
"Tammy Abraham",20,"Swansea City","Premier League","right",190.0,"England  Nigeria","CF"	
"Jordan Ayew",26,"Swansea City","Premier League","right",182.0,"Ghana  France","CF"	
"Christian Atsu",26,"Newcastle United","Premier League","left",165.0,"Ghana","W"	
"Jacob Murphy",23,"Newcastle United","Premier League","right",173.0,"England","W"	
"Islam Slimani",29,"Newcastle United","Premier League","right",188.0,"Algeria","CF"	
"Dwight Gayle",27,"Newcastle United","Premier League","right",177.0,"England  Jamaica","CF"	
"Joselu",27,"Newcastle United","Premier League","right",192.0,"Spain","CF"	
"Georges-Kevin N'Koudou",23,"Burnley FC","Premier League","right",174.0,"France  Cameroon","W"	
"Aaron Lennon",30,"Burnley FC","Premier League","right",165.0,"England  Ireland","W"	
"Johann Berg Gudmundsson",27,"Burnley FC","Premier League","left",186.0,"Iceland","W"	
"Jonathan Walters",34,"Burnley FC","Premier League","right",183.0,"Ireland  England","W"	
"Chris Wood",26,"Burnley FC","Premier League","right",191.0,"New Zealand","CF"	
"Sam Vokes",28,"Burnley FC","Premier League","right",186.0,"Wales  England","CF"	
"Nahki Wells",27,"Burnley FC","Premier League","right",170.0,"Bermuda","CF"	
"José Izquierdo",25,"Brighton & Hove Albion","Premier League","right",171.0,"Colombia","W"	
"Jirí Skalák",26,"Brighton & Hove Albion","Premier League","right",176.0,"Czech Republic","W"	
"Anthony Knockaert",26,"Brighton & Hove Albion","Premier League","left",172.0,"France  Belgium","W"	
"Jürgen Locadia",24,"Brighton & Hove Albion","Premier League","right",185.0,"Netherlands  Curacao","CF"	
"Leonardo Ulloa",31,"Brighton & Hove Albion","Premier League","right",188.0,"Argentina  Spain","CF"	
"Sam Baldock",28,"Brighton & Hove Albion","Premier League","right",170.0,"England","CF"	
"Glenn Murray",34,"Brighton & Hove Albion","Premier League","right",186.0,"England","CF"	
"Tomer Hemed",30,"Brighton & Hove Albion","Premier League","right",182.0,"Israel  Poland","CF"	
"Ryan Fraser",24,"AFC Bournemouth","Premier League","right",163.0,"Scotland","W"	
"Junior Stanislas",28,"AFC Bournemouth","Premier League","right",183.0,"England  St. Lucia","W"	
"Marc Pugh",30,"AFC Bournemouth","Premier League","right",180.0,"England","W"	
"Jordon Ibe",22,"AFC Bournemouth","Premier League","right",176.0,"England  Nigeria","W"	
"Callum Wilson",26,"AFC Bournemouth","Premier League","right",180.0,"England  Ireland","CF"	
"Lys Mousset",22,"AFC Bournemouth","Premier League","right",184.0,"France","CF"	
"Jermain Defoe",35,"AFC Bournemouth","Premier League","right",171.0,"England  St. Lucia","CF"	
"Tom Ince",26,"Huddersfield Town","Premier League","left",178.0,"England  Barbados","W"	
"Rajiv van La Parra",26,"Huddersfield Town","Premier League","right",181.0,"Netherlands  Suriname","W"	
"Sean Scannell",27,"Huddersfield Town","Premier League","right",176.0,"Ireland  England","W"	
"Steve Mounié",23,"Huddersfield Town","Premier League","right",190.0,"Benin  France","CF"	
"Laurent Depoitre",29,"Huddersfield Town","Premier League","right",191.0,"Belgium","CF"	
"Elias Kachunga",25,"Huddersfield Town","Premier League","right",178.0,"DR Congo  Germany","CF"	
"Collin Quaner",26,"Huddersfield Town","Premier League","",191.0,"Germany  Ghana","CF"	
"Ryan Babel",31,"Besiktas JK","Süper Lig","right",185.0,"Netherlands  Suriname","W"	
"Jeremain Lens",30,"Besiktas JK","Süper Lig","right",178.0,"Netherlands  Suriname","W"	
"Gökhan Töre",26,"Besiktas JK","Süper Lig","left",176.0,"Turkey  Germany","W"	
"Ricardo Quaresma",34,"Besiktas JK","Süper Lig","right",175.0,"Portugal","W"	
"Cyle Larin",22,"Besiktas JK","Süper Lig","right",188.0,"Canada  Jamaica","CF"	
"Álvaro Negredo",32,"Besiktas JK","Süper Lig","left",186.0,"Spain","CF"	
"Vágner Love",33,"Besiktas JK","Süper Lig","both",172.0,"Brazil","CF"	
"Mustafa Pektemek",29,"Besiktas JK","Süper Lig","right",182.0,"Turkey","CF"	
"Garry Rodrigues",27,"Galatasaray SK","Süper Lig","right",173.0,"Cape Verde  Netherlands","W"	
"Yasin Öztekin",30,"Galatasaray SK","Süper Lig","right",179.0,"Turkey  Germany","W"	
"Sofiane Feghouli",28,"Galatasaray SK","Süper Lig","right",177.0,"Algeria  France","W"	
"Sinan Gümüs",24,"Galatasaray SK","Süper Lig","left",179.0,"Germany","W"	
"Bafétimbi Gomis",32,"Galatasaray SK","Süper Lig","right",184.0,"France  Senegal","CF"	
"Eren Derdiyok",29,"Galatasaray SK","Süper Lig","right",191.0,"Switzerland  Turkey","CF"	
"Mathieu Valbuena",33,"Fenerbahce SK","Süper Lig","right",167.0,"France","W"	
"Aatif Chahechouhe",31,"Fenerbahce SK","Süper Lig","right",176.0,"Morocco  France","W"	
"Samed Karakoc",20,"Fenerbahce SK","Süper Lig","left",170.0,"Turkey","W"	
"Vincent Janssen",23,"Fenerbahce SK","Süper Lig","left",183.0,"Netherlands","CF"	
"Roberto Soldado",32,"Fenerbahce SK","Süper Lig","both",180.0,"Spain","CF"	
"Fernandão",30,"Fenerbahce SK","Süper Lig","right",192.0,"Brazil","CF"	
"Arda Turan",31,"Basaksehir","Süper Lig","right",177.0,"Turkey","W"	
"Kerim Frei",24,"Basaksehir","Süper Lig","right",171.0,"Turkey  Switzerland","W"	
"Eljero Elia",31,"Basaksehir","Süper Lig","right",176.0,"Netherlands","W"	
"Tunay Torun",27,"Basaksehir","Süper Lig","both",176.0,"Turkey  Germany","W"	
"Riad Bajić",23,"Basaksehir","Süper Lig","left",189.0,"Bosnia-Herzegovina","CF"	
"Emmanuel Adebayor",34,"Basaksehir","Süper Lig","right",192.0,"Togo  Nigeria","CF"	
"Mevlüt Erdinc",31,"Basaksehir","Süper Lig","right",181.0,"Turkey  France","CF"	
"Olcay Sahan",30,"Trabzonspor","Süper Lig","right",179.0,"Turkey  Germany","W"	
"Fabián Castillo",25,"Trabzonspor","Süper Lig","both",170.0,"Colombia","W"	
"Burak Yilmaz",32,"Trabzonspor","Süper Lig","both",188.0,"Turkey","CF"	
"Hugo Rodallega",32,"Trabzonspor","Süper Lig","right",181.0,"Colombia","CF"	
"Dame N'Doye",33,"Trabzonspor","Süper Lig","right",186.0,"Senegal","CF"	
"Jirès Kembo-Ekoko",30,"Bursaspor","Süper Lig","right",178.0,"France  DR Congo","W"	
"Gheorghe Grozav",27,"Bursaspor","Süper Lig","right",182.0,"Romania","W"	
"Joshua John",29,"Bursaspor","Süper Lig","both",175.0,"Netherlands  Aruba","W"	
"Dzon Delarge",27,"Bursaspor","Süper Lig","right",173.0,"Congo","W"	
"Sercan Yildirim",27,"Bursaspor","Süper Lig","right",182.0,"Turkey","W"	
"Moussa Sow",32,"Bursaspor","Süper Lig","right",180.0,"Senegal  France","CF"	
"Kubilay Kanatsizkus",20,"Bursaspor","Süper Lig","left",190.0,"Turkey","CF"	
"Bogdan Stancu",30,"Bursaspor","Süper Lig","right",183.0,"Romania","CF"	
"Sinan Bakis",23,"Bursaspor","Süper Lig","right",186.0,"Turkey  Germany","CF"	
"Júnior Fernándes",29,"Aytemiz Alanyaspor","Süper Lig","right",184.0,"Chile  Brazil","W"	
"Lucas Villafañez",26,"Aytemiz Alanyaspor","Süper Lig","right",171.0,"Argentina  Paraguay","W"	
"Mbilla Etame",29,"Aytemiz Alanyaspor","Süper Lig","right",180.0,"Cameroon","W"	
"Douglas",30,"Aytemiz Alanyaspor","Süper Lig","left",184.0,"Brazil","CF"	
"Wanderson",32,"Aytemiz Alanyaspor","Süper Lig","right",180.0,"Brazil","CF"	
"Glynor Plet",31,"Aytemiz Alanyaspor","Süper Lig","right",194.0,"Netherlands  Suriname","CF"	
"Moryké Fofana",26,"Atiker Konyaspor","Süper Lig","both",178.0,"Cote d'Ivoire","W"	
"Ömer Ali Sahiner",26,"Atiker Konyaspor","Süper Lig","right",175.0,"Turkey","W"	
"Volkan Sen",30,"Atiker Konyaspor","Süper Lig","right",175.0,"Turkey","W"	
"Adis Jahovic",30,"Atiker Konyaspor","Süper Lig","right",191.0,"Macedonia  Bosnia-Herzegovina","CF"	
"Samuel Eto'o",37,"Atiker Konyaspor","Süper Lig","both",180.0,"Cameroon  Spain","CF"	
"Mustapha Yatabaré",32,"Atiker Konyaspor","Süper Lig","right",186.0,"Mali  France","CF"	
"Ryan Mendes",28,"Kayserispor","Süper Lig","right",178.0,"Cape Verde  France","W"	
"Silvestre Varela",33,"Kayserispor","Süper Lig","right",179.0,"Portugal  Cape Verde","W"	
"William",26,"Kayserispor","Süper Lig","right",180.0,"Brazil  Romania","W"	
"Asamoah Gyan",32,"Kayserispor","Süper Lig","right",180.0,"Ghana","CF"	
"Artem Kravets",28,"Kayserispor","Süper Lig","right",189.0,"Ukraine","CF"	
"Nikola Stojiljkovic",25,"Kayserispor","Süper Lig","right",184.0,"Serbia","CF"	
"Umut Bulut",34,"Kayserispor","Süper Lig","right",184.0,"Turkey","CF"	
"Yoan Gouffran",31,"Göztepe","Süper Lig","right",175.0,"France  Guadeloupe","W"	
"Muhammed Enes Durmus",21,"Göztepe","Süper Lig","right",179.0,"Turkey","W"	
"Demba Ba",32,"Göztepe","Süper Lig","right",189.0,"Senegal  France","CF"	
"Nabil Ghilas",27,"Göztepe","Süper Lig","right",185.0,"Algeria  France","CF"	
"Ömer Sismanoglu",28,"Göztepe","Süper Lig","both",186.0,"Turkey  Germany","CF"	
"Robinho",34,"Sivasspor","Süper Lig","right",172.0,"Brazil  Spain","W"	
"Cyriac",27,"Sivasspor","Süper Lig","right",173.0,"Cote d'Ivoire  Belgium","W"	
"Thievy Bifouma",25,"Sivasspor","Süper Lig","right",180.0,"Congo  France","W"	
"Arouna Koné",34,"Sivasspor","Süper Lig","right",181.0,"Cote d'Ivoire","CF"	
"Muhammet Demir",26,"Sivasspor","Süper Lig","right",180.0,"Turkey","CF"	
"Elvis Manu",24,"Genclerbirligi Ankara","Süper Lig","right",178.0,"Netherlands  Ghana","W"	
"Ahmet Ilhan Özek",30,"Genclerbirligi Ankara","Süper Lig","both",181.0,"Turkey","W"	
"Jaílton Paraíba",27,"Genclerbirligi Ankara","Süper Lig","right",166.0,"Brazil","W"	
"Petar Skuletic",27,"Genclerbirligi Ankara","Süper Lig","left",193.0,"Serbia  Montenegro","CF"	
"Deniz Yilmaz",30,"Genclerbirligi Ankara","Süper Lig","right",182.0,"Azerbaijan  Turkey","CF"	
"Aminu Umar",23,"Osmanlispor FK","Süper Lig","right",174.0,"Nigeria","W"	
"Serdar Gürler",26,"Osmanlispor FK","Süper Lig","right",175.0,"Turkey  France","W"	
"Sokol Cikalleshi",27,"Osmanlispor FK","Süper Lig","right",187.0,"Albania","CF"	
"Raul Rusescu",29,"Osmanlispor FK","Süper Lig","right",181.0,"Romania","CF"	
"Mehmet Batdal",32,"Osmanlispor FK","Süper Lig","both",196.0,"Turkey","CF"	
"Ali ĂzgĂźn",28,"Osmanlispor FK","Süper Lig","right",186.0,"Germany","CF"	
"Maicón",28,"Antalyaspor","Süper Lig","right",182.0,"Brazil  Portugal","W"	
"Milan Jevtovic",24,"Antalyaspor","Süper Lig","right",184.0,"Serbia","W"	
"Souleymane Doukara",26,"Antalyaspor","Süper Lig","right",186.0,"Senegal  France","CF"	
"Moestafa El Kabir",29,"Antalyaspor","Süper Lig","right",176.0,"Morocco  Netherlands","CF"	
"Deniz Kadah",32,"Antalyaspor","Süper Lig","both",188.0,"Turkey  Germany","CF"	
"Emre Güral",28,"Antalyaspor","Süper Lig","left",187.0,"Turkey  Germany","CF"	
"Daniel Larsson",31,"Akhisarspor","Süper Lig","right",175.0,"Sweden","W"	
"Onur Ayik",28,"Akhisarspor","Süper Lig","both",183.0,"Turkey  Germany","W"	
"Geoffrey Bia",28,"Akhisarspor","Süper Lig","right",180.0,"Belgium  DR Congo","W"	
"Paulo Henrique",28,"Akhisarspor","Süper Lig","right",185.0,"Brazil","CF"	
"Evgen Seleznev",32,"Akhisarspor","Süper Lig","right",185.0,"Ukraine","CF"	
"Marvin Emnes",29,"Akhisarspor","Süper Lig","both",180.0,"Netherlands  Suriname","CF"	
"Mugdat Celik",28,"Akhisarspor","Süper Lig","right",180.0,"Turkey","CF"	
"Adem Büyük",30,"Yeni Malatyaspor","Süper Lig","right",167.0,"Turkey","W"	
"Berk Yildiz",22,"Yeni Malatyaspor","Süper Lig","left",178.0,"Turkey","W"	
"Issiar Dia",30,"Yeni Malatyaspor","Süper Lig","right",173.0,"Senegal  France","W"	
"Emanuel Dening",29,"Yeni Malatyaspor","Süper Lig","right",176.0,"Argentina","W"	
"Khalid Boutaïb",30,"Yeni Malatyaspor","Süper Lig","right",190.0,"Morocco  France","CF"	
"Gilberto",28,"Yeni Malatyaspor","Süper Lig","right",178.0,"Brazil","CF"	
"Eren Tozlu",27,"Yeni Malatyaspor","Süper Lig","left",175.0,"Turkey","CF"	
"Jhon Murillo",22,"Kasimpasa","Süper Lig","right",171.0,"Venezuela","W"	
"Samuel Eduok",24,"Kasimpasa","Süper Lig","left",176.0,"Nigeria","W"	
"Ilhan Depe",25,"Kasimpasa","Süper Lig","both",172.0,"Turkey","W"	
"Trezeguet",23,"Kasimpasa","Süper Lig","both",179.0,"Egypt","W"	
"Mbaye Diagne",26,"Kasimpasa","Süper Lig","right",191.0,"Senegal","CF"	
"Bengali-Fodé Koita",27,"Kasimpasa","Süper Lig","right",186.0,"Guinea  France","CF"	
"Franck Etoundi",27,"Kasimpasa","Süper Lig","right",185.0,"Cameroon","CF"	
"Adam Stahl",23,"Kardemir Karabükspor","Süper Lig","right",185.0,"Sweden","W"	
"Ahmet Karadayi",22,"Kardemir Karabükspor","Süper Lig","right",0,"Belgium  Turkey","W"	
"Hervé Kage",28,"Kardemir Karabükspor","Süper Lig","right",177.0,"DR Congo  Belgium","W"	
"Leandrinho",31,"Kardemir Karabükspor","Süper Lig","right",178.0,"Brazil","W"	
"Marius Alexe",28,"Kardemir Karabükspor","Süper Lig","right",186.0,"Romania","CF"	
"Ergin Keles",31,"Kardemir Karabükspor","Süper Lig","right",184.0,"Turkey","CF"	
"Yusuf Akbulut",27,"Kardemir Karabükspor","Süper Lig","",0,"Turkey","CF"	
"Sebá",25,"Olympiacos Piraeus","Super League","left",182.0,"Brazil","W"	
"Marko Marin",28,"Olympiacos Piraeus","Super League","right",170.0,"Germany","W"	
"Kevin Mirallas",30,"Olympiacos Piraeus","Super League","right",182.0,"Belgium","W"	
"Felipe Pardo",27,"Olympiacos Piraeus","Super League","both",178.0,"Colombia","W"	
"Uros Djurdjevic",24,"Olympiacos Piraeus","Super League","right",181.0,"Serbia","CF"	
"Karim Ansarifard",27,"Olympiacos Piraeus","Super League","both",183.0,"Iran","CF"	
"Nikolaos Vergos",22,"Olympiacos Piraeus","Super League","both",185.0,"Greece","CF"	
"Róbert Mak",27,"PAOK Thessaloniki","Super League","right",179.0,"Slovakia","W"	
"Dimitrios Limnios",19,"PAOK Thessaloniki","Super League","right",178.0,"Greece  Brazil","W"	
"Djalma",30,"PAOK Thessaloniki","Super League","right",176.0,"Angola  Portugal","W"	
"Aleksandar Prijovic",27,"PAOK Thessaloniki","Super League","right",191.0,"Serbia  Switzerland","CF"	
"Efthymios Koulouris",22,"PAOK Thessaloniki","Super League","right",184.0,"Greece","CF"	
"Lazaros Christodoulopoulos",31,"AEK Athens","Super League","both",183.0,"Greece","W"	
"Marko Livaja",24,"AEK Athens","Super League","right",182.0,"Croatia","CF"	
"Sergio Araujo",26,"AEK Athens","Super League","right",180.0,"Argentina","CF"	
"Georgios Giakoumakis",23,"AEK Athens","Super League","right",186.0,"Greece","CF"	
"Dimitrios Melikiotis",21,"AEK Athens","Super League","right",184.0,"Greece","CF"	
"Anthony Mounier",30,"Panathinaikos Athens","Super League","left",174.0,"France","W"	
"Giannis Mystakidis",23,"Panathinaikos Athens","Super League","both",181.0,"Greece","W"	
"Anastasios Chatzigiovannis",20,"Panathinaikos Athens","Super League","both",178.0,"Greece","W"	
"Dimitrios Emmanouilidis",17,"Panathinaikos Athens","Super League","",171.0,"Greece","W"	
"Christos Kountouriotis",20,"Panathinaikos Athens","Super League","right",182.0,"Greece","W"	
"Guillermo Molins",29,"Panathinaikos Athens","Super League","right",186.0,"Sweden  Uruguay","CF"	
"Sotiris Pispas",20,"Panathinaikos Athens","Super League","",177.0,"Greece","CF"	
"Amr Warda",24,"Atromitos Athen","Super League","right",176.0,"Egypt","W"	
"Bruno",23,"Atromitos Athen","Super League","left",180.0,"Brazil","W"	
"Georgios Manousos",30,"Atromitos Athen","Super League","right",177.0,"Greece","W"	
"Abiola Dauda",30,"Atromitos Athen","Super League","right",180.0,"Nigeria  Sweden","CF"	
"Nicolas Diguiny",29,"Atromitos Athen","Super League","right",179.0,"France","CF"	
"Konstantinos Kotsopoulos",21,"Atromitos Athen","Super League","right",177.0,"Greece","CF"	
"Georgios Masouras",24,"Panionios Athens","Super League","right",184.0,"Greece","W"	
"Srdjan Spiridonovic",24,"Panionios Athens","Super League","both",173.0,"Austria  Serbia","W"	
"Lazaros Lamprou",20,"Panionios Athens","Super League","right",183.0,"Greece","W"	
"Gerasimos Voukelatos",19,"Panionios Athens","Super League","left",181.0,"Greece","W"	
"Samed Yesil",23,"Panionios Athens","Super League","right",180.0,"Germany  Turkey","CF"	
"Fiorin Durmishaj",21,"Panionios Athens","Super League","right",185.0,"Albania  Greece","CF"	
"Nicki Bille Nielsen",30,"Panionios Athens","Super League","right",181.0,"Denmark","CF"	
"Farley Rosa",24,"Panetolikos Agrinio","Super League","right",174.0,"Brazil  Portugal","W"	
"Ilias Gianniotis",20,"Panetolikos Agrinio","Super League","",0,"Greece","W"	
"Clésio Baúque",23,"Panetolikos Agrinio","Super League","right",174.0,"Mozambique","W"	
"Jorge Díaz",28,"Panetolikos Agrinio","Super League","right",169.0,"Uruguay  Spain","W"	
"Vlad Morar",24,"Panetolikos Agrinio","Super League","right",183.0,"Romania","CF"	
"Georgios Vakrakos",20,"Panetolikos Agrinio","Super League","",0,"Greece","CF"	
"Eugenio Isnaldo",24,"Asteras Tripolis","Super League","left",180.0,"Argentina","W"	
"Gyeol-Hee Jang",19,"Asteras Tripolis","Super League","left",175.0,"Korea South","W"
"Nikolaos Kaltsas",27,"Asteras Tripolis","Super League","right",171.0,"Greece","W"	
"Giannis Kotsiras",25,"Asteras Tripolis","Super League","right",183.0,"Greece","W"	
"Nabil Jaadi",21,"Asteras Tripolis","Super League","right",178.0,"Morocco  Belgium","W"	
"Giannis Bastianos",19,"Asteras Tripolis","Super League","right",173.0,"Greece","W"	
"Michalis Manias",28,"Asteras Tripolis","Super League","right",189.0,"Greece","CF"	
"Anastasios Douvikas",18,"Asteras Tripolis","Super League","",0,"Greece","CF"	
"Rooney Wankewai",21,"Asteras Tripolis","Super League","both",185.0,"Cameroon","CF"	
"Enes Dolovac",19,"PAS Giannina","Super League","",176.0,"Serbia","W"	
"Georgios Manthatis",20,"PAS Giannina","Super League","right",174.0,"Greece","W"	
"Karim Soltani",33,"PAS Giannina","Super League","both",179.0,"Algeria  France","W"	
"Pedro Conde",29,"PAS Giannina","Super League","",181.0,"Spain","CF"	
"Philip Hellquist",26,"PAS Giannina","Super League","right",184.0,"Sweden","CF"	
"Franck Betra",21,"PAS Giannina","Super League","right",180.0,"France","CF"	
"Denis Epstein",31,"AOK Kerkyra","Super League","left",180.0,"Germany","W"	
"Fábio Nunes",25,"AOK Kerkyra","Super League","left",176.0,"Portugal","W"	
"Alexandros Kontos",31,"AOK Kerkyra","Super League","left",177.0,"Greece","W"	
"Fotis Georgiou",32,"AOK Kerkyra","Super League","right",168.0,"Greece","W"	
"Thuram",27,"AOK Kerkyra","Super League","right",183.0,"Brazil","CF"	
"Nestoras Mytidis",26,"AOK Kerkyra","Super League","both",185.0,"Cyprus","CF"	
"Georgios Pamlidis",24,"AOK Kerkyra","Super League","right",179.0,"Greece","CF"	
"Jonathan Bauman",26,"AOK Kerkyra","Super League","right",178.0,"Argentina","CF"	
"Konstantinos Georgakopoulos",24,"AOK Kerkyra","Super League","right",186.0,"Greece","CF"	
"Christos Albanis",23,"Apollon Smyrnis","Super League","both",184.0,"Greece","W"	
"Savvas Siatravanis",25,"Apollon Smyrnis","Super League","right",172.0,"Greece","W"	
"Enver Alivodic",33,"Apollon Smyrnis","Super League","right",178.0,"Serbia","W"	
"Darren Maatsen",27,"Apollon Smyrnis","Super League","right",185.0,"Netherlands  Suriname","W"	
"Anthony Stokes",29,"Apollon Smyrnis","Super League","right",185.0,"Ireland","CF"	
"Eli Elbaz",26,"Apollon Smyrnis","Super League","",179.0,"Israel","CF"	
"Gonzalo Castillejos",32,"Apollon Smyrnis","Super League","right",182.0,"Argentina","CF"	
"Kike Boula",24,"AO Xanthi","Super League","",174.0,"Equatorial Guinea  Spain","W"	
"Brito",30,"AO Xanthi","Super League","right",178.0,"Cape Verde  Portugal","W"	
"Petar Djurickovic",26,"AO Xanthi","Super League","left",178.0,"Serbia","W"	
"Panagiotis Triadis",25,"AO Xanthi","Super League","both",181.0,"Greece  Germany","W"	
"Erik Jendrisek",31,"AO Xanthi","Super League","both",170.0,"Slovakia","CF"	
"Matías Castro",26,"AO Xanthi","Super League","right",182.0,"Argentina","CF"	
"Nikolaos Sampanidis",19,"AO Xanthi","Super League","",187.0,"Greece","CF"	
"Milos Deletic",24,"AE Larisa","Super League","right",179.0,"Serbia","W"	
"Nemanja Mladenovic",25,"AE Larisa","Super League","left",179.0,"Serbia","W"	
"Konstantinos Makris",19,"AE Larisa","Super League","",0,"Greece","W"	
"Thomas Nazlidis",30,"AE Larisa","Super League","right",185.0,"Greece","CF"	
"Sandi Krizman",28,"AE Larisa","Super League","right",179.0,"Croatia","CF"	
"Emanuel Perrone",34,"AE Larisa","Super League","right",191.0,"Argentina  Italy","CF"	
"Filip Kasalica",29,"Platanias Chania","Super League","right",179.0,"Montenegro  Serbia","W"	
"Giannis Papanikolaou",19,"Platanias Chania","Super League","right",182.0,"Greece","W"	
"Gurjinder Singh",20,"Platanias Chania","Super League","left",186.0,"Greece","W"	
"Clarck N'Sikulu",25,"Platanias Chania","Super League","right",180.0,"DR Congo  France","CF"	
"Shikoze Udoji",31,"Platanias Chania","Super League","both",172.0,"Bulgaria  Nigeria","CF"	
"Antonis Petropoulos",32,"Platanias Chania","Super League","left",191.0,"Greece","CF"	
"Piotr Grzelczak",30,"Platanias Chania","Super League","right",186.0,"Poland","CF"	
"Wanderson",24,"PAS Lamia 1964","Super League","both",164.0,"Brazil","W"	
"Nikolaos Tsoukalos",25,"PAS Lamia 1964","Super League","left",183.0,"Greece","W"	
"Michalis Frangos",27,"PAS Lamia 1964","Super League","right",179.0,"Greece","W"	
"Evgen Budnik",27,"PAS Lamia 1964","Super League","right",185.0,"Ukraine","CF"	
"Nikola Asceric",26,"PAS Lamia 1964","Super League","right",193.0,"Serbia","CF"	
"Vangelis Patsarouchas",19,"PAS Lamia 1964","Super League","",0,"Greece","CF"	
"Petros Giakoumakis",25,"APO Levadiakos","Super League","both",179.0,"Greece","W"	
"Mohamed Youssouf",29,"APO Levadiakos","Super League","left",168.0,"Comoros  France","W"	
"Chahir Belghazouani",31,"APO Levadiakos","Super League","left",180.0,"Morocco  France","W"	
"Souleymane Sawadogo",25,"APO Levadiakos","Super League","right",171.0,"Burkina Faso  Cote d'Ivoire","W"	
"Marko Markovski",31,"APO Levadiakos","Super League","both",191.0,"Serbia","CF"	
"Fotis Ioannidis",18,"APO Levadiakos","Super League","both",186.0,"Greece","CF"	
"Neymar",26,"Paris Saint-Germain","Ligue 1","both",175.0,"Brazil","W"	
"Julian Draxler",24,"Paris Saint-Germain","Ligue 1","right",187.0,"Germany","W"	
"Kylian Mbappé",19,"Paris Saint-Germain","Ligue 1","right",178.0,"France  Cameroon","W"	
"Ángel Di María",30,"Paris Saint-Germain","Ligue 1","left",180.0,"Argentina  Italy","W"	
"Edinson Cavani",31,"Paris Saint-Germain","Ligue 1","right",184.0,"Uruguay  Italy","CF"	
"Thomas Lemar",22,"AS Monaco","Ligue 1","left",170.0,"France  Guadeloupe","W"	
"Keita Baldé",23,"AS Monaco","Ligue 1","both",184.0,"Senegal  Spain","W"	
"Gabriel Boschilia",22,"AS Monaco","Ligue 1","left",172.0,"Brazil  Italy","W"	
"Rony Lopes",22,"AS Monaco","Ligue 1","left",174.0,"Portugal  Brazil","W"	
"Rachid Ghezzal",25,"AS Monaco","Ligue 1","left",182.0,"Algeria  France","W"	
"Jordi Mboula",18,"AS Monaco","Ligue 1","right",183.0,"Spain  Congo","W"	
"Falcao",32,"AS Monaco","Ligue 1","right",177.0,"Colombia","CF"	
"Stevan Jovetic",28,"AS Monaco","Ligue 1","right",183.0,"Montenegro  Serbia","CF"	
"Adama Diakhaby",21,"AS Monaco","Ligue 1","left",184.0,"France  Senegal","CF"	
"Pietro Pellegri",16,"AS Monaco","Ligue 1","right",188.0,"Italy","CF"	
"Memphis Depay",24,"Olympique Lyon","Ligue 1","right",176.0,"Netherlands  Ghana","W"	
"Willem Geubbels",16,"Olympique Lyon","Ligue 1","right",185.0,"France  Netherlands","W"	
"Maxwel Cornet",21,"Olympique Lyon","Ligue 1","left",179.0,"Cote d'Ivoire  France","W"	
"Bertrand Traoré",22,"Olympique Lyon","Ligue 1","left",181.0,"Burkina Faso","W"	
"Mariano Díaz",24,"Olympique Lyon","Ligue 1","right",182.0,"Dominican Republic  Spain","CF"	
"Myziane Maolida",19,"Olympique Lyon","Ligue 1","right",181.0,"France  Comoros","CF"	
"Amine Gouiri",18,"Olympique Lyon","Ligue 1","right",180.0,"France  Algeria","CF"	
"Lucas Ocampos",23,"Olympique Marseille","Ligue 1","both",187.0,"Argentina","W"	
"Florian Thauvin",25,"Olympique Marseille","Ligue 1","left",179.0,"France","W"	
"Yusuf Sari",19,"Olympique Marseille","Ligue 1","right",168.0,"France  Turkey","W"	
"Clinton N'Jie",24,"Olympique Marseille","Ligue 1","right",175.0,"Cameroon","CF"	
"Konstantinos Mitroglou",30,"Olympique Marseille","Ligue 1","both",188.0,"Greece","CF"	
"Valère Germain",27,"Olympique Marseille","Ligue 1","right",180.0,"France","CF"	
"Allan Saint-Maximin",21,"OGC Nice","Ligue 1","right",173.0,"France  Guadeloupe","W"	
"Bassem Srarfi",20,"OGC Nice","Ligue 1","left",176.0,"Tunisia","W"	
"Vincent Marcel",20,"OGC Nice","Ligue 1","left",180.0,"France  Guadeloupe","W"	
"Mario Balotelli",27,"OGC Nice","Ligue 1","right",189.0,"Italy  Ghana","CF"	
"Alassane Pléa",25,"OGC Nice","Ligue 1","right",181.0,"France  Mali","CF"	
"Mickaël Le Bihan",27,"OGC Nice","Ligue 1","right",184.0,"France","CF"	
"François Kamano",21,"FC Girondins Bordeaux","Ligue 1","right",182.0,"Guinea","W"	
"Malcom",21,"FC Girondins Bordeaux","Ligue 1","left",171.0,"Brazil","W"	
"Jonathan Cafú",26,"FC Girondins Bordeaux","Ligue 1","right",175.0,"Brazil  Bulgaria","W"	
"Martin Braithwaite",26,"FC Girondins Bordeaux","Ligue 1","",177.0,"Denmark  Guyana","CF"	
"Nicolas de Préville",27,"FC Girondins Bordeaux","Ligue 1","right",182.0,"France","CF"	
"Gaëtan Laborde",23,"FC Girondins Bordeaux","Ligue 1","left",181.0,"France","CF"	
"Alexandre Mendy",23,"FC Girondins Bordeaux","Ligue 1","right",184.0,"France  Senegal","CF"	
"Max Gradel",30,"FC Toulouse","Ligue 1","right",175.0,"Cote d'Ivoire  France","W"	
"Jimmy Durmaz",28,"FC Toulouse","Ligue 1","left",180.0,"Sweden  Turkey","W"	
"Corentin Jean",22,"FC Toulouse","Ligue 1","right",170.0,"France","W"	
"Firmin Mubele",23,"FC Toulouse","Ligue 1","right",175.0,"DR Congo","CF"	
"Andy Delort",26,"FC Toulouse","Ligue 1","right",182.0,"France","CF"	
"Ola Toivonen",31,"FC Toulouse","Ligue 1","right",189.0,"Sweden","CF"	
"Yaya Sanogo",25,"FC Toulouse","Ligue 1","right",194.0,"France  Cote d'Ivoire","CF"	
"Ismaïla Sarr",20,"Stade Rennais FC","Ligue 1","right",185.0,"Senegal","CF"	
"Diafra Sakho",28,"Stade Rennais FC","Ligue 1","right",184.0,"Senegal  France","CF"	
"Brandon",23,"Stade Rennais FC","Ligue 1","right",173.0,"Spain","CF"	
"Luiz Araújo",21,"LOSC Lille","Ligue 1","left",175.0,"Brazil","W"	
"Imad Faraj",19,"LOSC Lille","Ligue 1","right",178.0,"Morocco  France","W"	
"Nicolas Pepe",22,"LOSC Lille","Ligue 1","left",183.0,"Cote d'Ivoire  France","W"	
"Anwar El Ghazi",22,"LOSC Lille","Ligue 1","right",189.0,"Netherlands  Morocco","W"	
"Ezequiel Ponce",20,"LOSC Lille","Ligue 1","right",178.0,"Argentina  Italy","CF"	
"Lebo Mothiba",22,"LOSC Lille","Ligue 1","right",182.0,"South Africa","CF"	
"Yassine El Ghanassy",27,"FC Nantes","Ligue 1","right",173.0,"Belgium  Morocco","W"	
"Alexis Alégué",21,"FC Nantes","Ligue 1","left",175.0,"Cameroon  France","W"	
"Emiliano Sala",27,"FC Nantes","Ligue 1","right",187.0,"Argentina  Italy","CF"	
"Kalifa Coulibaly",26,"FC Nantes","Ligue 1","right",197.0,"Mali","CF"	
"Prejuce Nakoulma",30,"FC Nantes","Ligue 1","right",178.0,"Burkina Faso","CF"	
"Kolbeinn Sigthórsson",27,"FC Nantes","Ligue 1","right",186.0,"Iceland","CF"	
"Yacine Bammou",26,"FC Nantes","Ligue 1","right",189.0,"Morocco  France","CF"	
"Randal Kolo Muani",19,"FC Nantes","Ligue 1","right",187.0,"DR Congo  France","CF"	
"Santy Ngom",25,"FC Nantes","Ligue 1","right",182.0,"France  Senegal","CF"	
"Paul-Georges Ntep",25,"AS Saint-Étienne","Ligue 1","right",180.0,"France  Cameroon","W"	
"Kévin Monnet-Paquet",29,"AS Saint-Étienne","Ligue 1","right",184.0,"France  Rwanda","W"	
"Jonathan Bamba",21,"AS Saint-Étienne","Ligue 1","right",175.0,"France  Cote d'Ivoire","W"	
"Romain Hamouma",30,"AS Saint-Étienne","Ligue 1","right",178.0,"France","W"	
"Oussama Tannane",23,"AS Saint-Étienne","Ligue 1","left",178.0,"Morocco  Netherlands","W"	
"Robert Beric",26,"AS Saint-Étienne","Ligue 1","both",188.0,"Slovenia","CF"	
"Keagan Dolly",25,"HSC Montpellier","Ligue 1","left",170.0,"South Africa","W"	
"Jonathan Ikoné",19,"HSC Montpellier","Ligue 1","left",175.0,"France  DR Congo","W"	
"Isaac Mbenza",22,"HSC Montpellier","Ligue 1","right",187.0,"Belgium  DR Congo","W"	
"Souleymane Camara",35,"HSC Montpellier","Ligue 1","right",174.0,"Senegal","W"	
"Giovanni Sio",28,"HSC Montpellier","Ligue 1","left",180.0,"Cote d'Ivoire  France","CF"	
"Casimir Ninga",24,"HSC Montpellier","Ligue 1","right",186.0,"Chad","CF"	
"Jérémie Porsan-Clemente",20,"HSC Montpellier","Ligue 1","right",179.0,"France  Martinique","CF"	
"Naïm Sliti",25,"FCO Dijon","Ligue 1","right",173.0,"Tunisia  France","W"	
"Wesley Saïd",22,"FCO Dijon","Ligue 1","right",171.0,"France  Mauritius","W"	
"Chang-hun Kwon",23,"FCO Dijon","Ligue 1","left",174.0,"Korea South","W"
"Benjamin Jeannot",26,"FCO Dijon","Ligue 1","right",183.0,"France","CF"	
"Julio Tavarès",29,"FCO Dijon","Ligue 1","right",187.0,"Cape Verde  France","CF"	
"Marcus Coco",21,"EA Guingamp","Ligue 1","right",184.0,"France  Guadeloupe","W"	
"Nicolas Benezet",27,"EA Guingamp","Ligue 1","right",170.0,"France","W"	
"Abdoul Camara",28,"EA Guingamp","Ligue 1","left",178.0,"Guinea  France","W"	
"Thibault Giresse",36,"EA Guingamp","Ligue 1","left",172.0,"France","W"	
"Yannis Salibur",27,"EA Guingamp","Ligue 1","left",177.0,"France  DR Congo","W"	
"Yeni N'Gbakoto",26,"EA Guingamp","Ligue 1","right",173.0,"DR Congo  France","W"	
"Jimmy Briand",32,"EA Guingamp","Ligue 1","right",183.0,"France  Martinique","CF"	
"Marcus Thuram",20,"EA Guingamp","Ligue 1","right",192.0,"France  Guadeloupe","CF"	
"Nathaël Julan",21,"EA Guingamp","Ligue 1","right",196.0,"France","CF"	
"Hervé Bazile",27,"SM Caen","Ligue 1","left",181.0,"Haiti  France","W"	
"Jordan N'Kololo",25,"SM Caen","Ligue 1","right",183.0,"DR Congo  France","W"	
"Jan Repas",20,"SM Caen","Ligue 1","both",171.0,"Slovenia","W"	
"Timo Stavitski",18,"SM Caen","Ligue 1","right",180.0,"Finland","W"	
"Ronny Rodelin",28,"SM Caen","Ligue 1","right",192.0,"France","CF"	
"Ivan Santini",28,"SM Caen","Ligue 1","right",190.0,"Croatia","CF"	
"Enzo Crivelli",23,"SM Caen","Ligue 1","right",184.0,"France","CF"	
"Christian Kouakou",27,"SM Caen","Ligue 1","right",182.0,"Cote d'Ivoire","CF"	
"Thomas Touré",24,"SCO Angers","Ligue 1","right",175.0,"Cote d'Ivoire  France","W"	
"Billy Ketkeophomphone",27,"SCO Angers","Ligue 1","right",180.0,"France  Laos","W"	
"Gilles Sunu",26,"SCO Angers","Ligue 1","right",181.0,"Togo  France","W"	
"Wilfried Kanga",20,"SCO Angers","Ligue 1","right",185.0,"Cote d'Ivoire  France","W"	
"Karl Toko Ekambi",25,"SCO Angers","Ligue 1","right",183.0,"Cameroon  France","CF"	
"Baptiste Guillaume",22,"SCO Angers","Ligue 1","right",189.0,"Belgium","CF"	
"Goran Karanovic",30,"SCO Angers","Ligue 1","right",185.0,"Switzerland  Serbia","CF"	
"Férébory Doré",29,"SCO Angers","Ligue 1","right",193.0,"Congo","CF"	
"Martin Terrier",21,"RC Strasbourg Alsace","Ligue 1","right",184.0,"France","W"	
"Idriss Saadi",26,"RC Strasbourg Alsace","Ligue 1","right",180.0,"Algeria  France","CF"	
"Nuno Da Costa",27,"RC Strasbourg Alsace","Ligue 1","right",182.0,"Cape Verde  France","CF"	
"Stéphane Bahoken",25,"RC Strasbourg Alsace","Ligue 1","right",185.0,"France  Cameroon","CF"	
"Jérémy Blayac",34,"RC Strasbourg Alsace","Ligue 1","right",187.0,"France","CF"	
"Hyun-Jun Suk",26,"ES Troyes AC","Ligue 1","right",191.0,"Korea South","CF"
"Adama Niane",24,"ES Troyes AC","Ligue 1","right",183.0,"Mali","CF"	
"Jonathan Tinhan",28,"ES Troyes AC","Ligue 1","right",177.0,"Benin  France","CF"	
"Raphaël Cacérès",30,"ES Troyes AC","Ligue 1","right",187.0,"France","CF"	
"Mamadou Sissako",21,"ES Troyes AC","Ligue 1","right",171.0,"France  Mauritania","CF"	
"Mathieu Dossevi",30,"FC Metz","Ligue 1","right",172.0,"Togo  France","W"	
"Opa Nguette",23,"FC Metz","Ligue 1","right",181.0,"Senegal  France","W"	
"Ablie Jallow",19,"FC Metz","Ligue 1","",166.0,"The Gambia","W"	
"Nolan Roux",30,"FC Metz","Ligue 1","right",182.0,"France","CF"	
"Ibrahima Niane",19,"FC Metz","Ligue 1","",187.0,"Senegal","CF"	
"Emmanuel Rivière",28,"FC Metz","Ligue 1","right",182.0,"France  Martinique","CF"	
"Stiven Mendoza",25,"SC Amiens","Ligue 1","",172.0,"Colombia","W"	
"Moussa Konaté",24,"SC Amiens","Ligue 1","right",183.0,"Senegal","CF"	
"Lacina Traoré",27,"SC Amiens","Ligue 1","right",203.0,"Cote d'Ivoire","CF"	
"Quentin Cornette",24,"SC Amiens","Ligue 1","right",172.0,"France","CF"	
"Bachibou Koita",23,"SC Amiens","Ligue 1","right",180.0,"Niger","CF"	
"Douglas Costa",27,"Juventus FC","Serie A","left",172.0,"Brazil","W"	
"Federico Bernardeschi",24,"Juventus FC","Serie A","left",183.0,"Italy","W"	
"Juan Cuadrado",29,"Juventus FC","Serie A","right",179.0,"Colombia","W"	
"Gonzalo Higuaín",30,"Juventus FC","Serie A","right",184.0,"Argentina  France","CF"	
"Mario Mandzukic",31,"Juventus FC","Serie A","right",190.0,"Croatia","CF"	
"Lorenzo Insigne",26,"SSC Napoli","Serie A","right",163.0,"Italy","W"	
"Adam Ounas",21,"SSC Napoli","Serie A","left",172.0,"Algeria  France","W"	
"Leandrinho",19,"SSC Napoli","Serie A","right",174.0,"Brazil","W"	
"José Callejón",31,"SSC Napoli","Serie A","right",178.0,"Spain","W"	
"Dries Mertens",30,"SSC Napoli","Serie A","right",169.0,"Belgium","CF"	
"Arkadiusz Milik",24,"SSC Napoli","Serie A","left",186.0,"Poland","CF"	
"Ivan Perisic",29,"Inter Milan","Serie A","both",187.0,"Croatia","W"	
"Antonio Candreva",31,"Inter Milan","Serie A","right",181.0,"Italy","W"	
"Yann Karamoh",19,"Inter Milan","Serie A","right",185.0,"France  Cote d'Ivoire","W"	
"Mauro Icardi",25,"Inter Milan","Serie A","right",181.0,"Argentina  Italy","CF"	
"Andrea Pinamonti",18,"Inter Milan","Serie A","right",185.0,"Italy","CF"	
"Diego Perotti",29,"AS Roma","Serie A","right",179.0,"Argentina  Spain","W"	
"Stephan El Shaarawy",25,"AS Roma","Serie A","right",178.0,"Italy  Egypt","W"	
"Cengiz Ünder",20,"AS Roma","Serie A","left",173.0,"Turkey","W"	
"Gerson",20,"AS Roma","Serie A","left",184.0,"Brazil","W"	
"Edin Dzeko",31,"AS Roma","Serie A","both",192.0,"Bosnia-Herzegovina","CF"	
"Patrik Schick",22,"AS Roma","Serie A","left",190.0,"Czech Republic","CF"	
"Grégoire Defrel",26,"AS Roma","Serie A","left",179.0,"France  Martinique","CF"	
"Fabio Borini",26,"AC Milan","Serie A","right",180.0,"Italy","W"	
"Suso",24,"AC Milan","Serie A","left",177.0,"Spain","W"	
"Nnamdi Oduamadi",27,"AC Milan","Serie A","right",175.0,"Nigeria","W"	
"André Silva",22,"AC Milan","Serie A","right",184.0,"Portugal","CF"	
"Nikola Kalinic",30,"AC Milan","Serie A","both",187.0,"Croatia","CF"	
"Patrick Cutrone",20,"AC Milan","Serie A","right",183.0,"Italy","CF"	
"Nani",31,"SS Lazio","Serie A","both",177.0,"Portugal  Cape Verde","W"	
"Pedro Neto",18,"SS Lazio","Serie A","left",172.0,"Portugal","W"	
"Ciro Immobile",28,"SS Lazio","Serie A","right",185.0,"Italy","CF"	
"Felipe Caicedo",29,"SS Lazio","Serie A","left",183.0,"Ecuador  Spain","CF"	
"Filip Djordjevic",30,"SS Lazio","Serie A","left",186.0,"Serbia","CF"	
"Brayan Perea",25,"SS Lazio","Serie A","right",190.0,"Colombia","CF"	
"Rafik Zekhnini",20,"ACF Fiorentina","Serie A","right",179.0,"Norway  Morocco","W"	
"Federico Chiesa",20,"ACF Fiorentina","Serie A","right",175.0,"Italy","W"	
"Gil Dias",21,"ACF Fiorentina","Serie A","left",183.0,"Portugal","W"	
"Giovanni Simeone",22,"ACF Fiorentina","Serie A","right",179.0,"Argentina  Spain","CF"	
"Diego Falcinelli",26,"ACF Fiorentina","Serie A","left",186.0,"Italy","CF"	
"Cyril Théréau",34,"ACF Fiorentina","Serie A","right",189.0,"France","CF"	
"Andrea Petagna",22,"Atalanta BC","Serie A","left",190.0,"Italy","CF"	
"Andreas Cornelius",24,"Atalanta BC","Serie A","left",193.0,"Denmark","CF"	
"Álex Berenguer",22,"Torino FC","Serie A","right",175.0,"Spain","W"	
"Iago Falque",28,"Torino FC","Serie A","left",174.0,"Spain","W"	
"Simone Edera",21,"Torino FC","Serie A","left",174.0,"Italy","W"	
"Andrea Belotti",24,"Torino FC","Serie A","right",181.0,"Italy","CF"	
"M'Baye Niang",23,"Torino FC","Serie A","right",184.0,"Senegal  France","CF"	
"DuvĂĄn Zapata",26,"UC Sampdoria","Serie A","right",189.0,"Colombia","CF"	
"Dawid Kownacki",20,"UC Sampdoria","Serie A","right",186.0,"Poland","CF"	
"Fabio Quagliarella",35,"UC Sampdoria","Serie A","right",182.0,"Italy","CF"	
"Antonino Ragusa",27,"US Sassuolo","Serie A","right",183.0,"Italy","W"	
"Nicholas Pierini",19,"US Sassuolo","Serie A","right",176.0,"Italy","W"	
"Domenico Berardi",23,"US Sassuolo","Serie A","left",183.0,"Italy","W"	
"Matteo Politano",24,"US Sassuolo","Serie A","left",171.0,"Italy","W"	
"Khouma Babacar",24,"US Sassuolo","Serie A","right",185.0,"Senegal","CF"	
"Alessandro Matri",33,"US Sassuolo","Serie A","right",183.0,"Italy","CF"	
"Rodrigo de Paul",23,"Udinese Calcio","Serie A","right",180.0,"Argentina  Italy","W"	
"Svante Ingelsson",19,"Udinese Calcio","Serie A","left",189.0,"Sweden","W"	
"Kevin Lasagna",25,"Udinese Calcio","Serie A","left",181.0,"Italy","CF"	
"Stipe Perica",22,"Udinese Calcio","Serie A","right",192.0,"Croatia","CF"	
"Rodrigo Aguirre",23,"Udinese Calcio","Serie A","left",186.0,"Uruguay","CF"	
"Maxi López",33,"Udinese Calcio","Serie A","right",185.0,"Argentina  Italy","CF"	
"Iuri Medeiros",23,"Genoa CFC","Serie A","left",174.0,"Portugal","W"	
"Gianluca Lapadula",28,"Genoa CFC","Serie A","left",178.0,"Italy  Peru","CF"	
"Giuseppe Rossi",31,"Genoa CFC","Serie A","left",173.0,"Italy  United States","CF"	
"Andrej Galabinov",29,"Genoa CFC","Serie A","right",190.0,"Bulgaria","CF"	
"Eddy Salcedo",16,"Genoa CFC","Serie A","right",188.0,"Italy  Colombia","CF"	
"Ladislav Krejcí",25,"Bologna FC 1909","Serie A","left",178.0,"Czech Republic","W"	
"Simone Verdi",25,"Bologna FC 1909","Serie A","both",174.0,"Italy","W"	
"Riccardo Orsolini",21,"Bologna FC 1909","Serie A","left",183.0,"Italy","W"	
"Federico Di Francesco",23,"Bologna FC 1909","Serie A","right",171.0,"Italy","W"	
"Mattia Destro",26,"Bologna FC 1909","Serie A","right",182.0,"Italy","CF"	
"Felipe Avenatti",24,"Bologna FC 1909","Serie A","left",196.0,"Uruguay  Spain","CF"	
"Rodrigo Palacio",36,"Bologna FC 1909","Serie A","right",176.0,"Argentina  Spain","CF"	
"Leonardo Pavoletti",29,"Cagliari Calcio","Serie A","right",188.0,"Italy","CF"	
"Marco Sau",30,"Cagliari Calcio","Serie A","right",169.0,"Italy","CF"	
"Kwang-Song Han",19,"Cagliari Calcio","Serie A","both",178.0,"Korea North","CF"
"Niccolò Giannetti",26,"Cagliari Calcio","Serie A","right",181.0,"Italy","CF"	
"Damir Ceter",20,"Cagliari Calcio","Serie A","right",188.0,"Colombia","CF"	
"Emanuele Giaccherini",32,"Chievo Verona","Serie A","right",167.0,"Italy","W"	
"Emanuel Vignato",17,"Chievo Verona","Serie A","right",175.0,"Italy  Brazil","W"	
"Roberto Inglese",26,"Chievo Verona","Serie A","right",186.0,"Italy","CF"	
"Mariusz Stepinski",22,"Chievo Verona","Serie A","right",183.0,"Poland","CF"	
"Sergio Pellissier",38,"Chievo Verona","Serie A","right",175.0,"Italy","CF"	
"Alberto Paloschi",28,"SPAL 2013","Serie A","right",183.0,"Italy","CF"	
"Federico Bonazzoli",20,"SPAL 2013","Serie A","left",182.0,"Italy","CF"	
"Mirco Antenucci",33,"SPAL 2013","Serie A","right",180.0,"Italy","CF"	
"Marco Borriello",35,"SPAL 2013","Serie A","left",186.0,"Italy","CF"	
"Sergio Floccari",36,"SPAL 2013","Serie A","right",180.0,"Italy  San Marino","CF"	
"Seung-Woo Lee",20,"Hellas Verona","Serie A","right",173.0,"Korea South","W"
"Rolando Aarons",22,"Hellas Verona","Serie A","left",177.0,"England  Jamaica","W"	
"Daniele Verde",21,"Hellas Verona","Serie A","left",168.0,"Italy","W"	
"Alessio Cerci",30,"Hellas Verona","Serie A","left",180.0,"Italy","W"	
"Enrico Bearzotti",21,"Hellas Verona","Serie A","right",180.0,"Italy","W"	
"Moise Kean",18,"Hellas Verona","Serie A","right",183.0,"Italy  Cote d'Ivoire","CF"	
"Bruno Petkovic",23,"Hellas Verona","Serie A","right",193.0,"Croatia","CF"	
"Marco D'Alessandro",27,"Benevento Calcio","Serie A","right",173.0,"Italy","W"	
"Guilherme",26,"Benevento Calcio","Serie A","left",174.0,"Brazil","W"	
"Vittorio Parigini",21,"Benevento Calcio","Serie A","right",180.0,"Italy","W"	
"Cristiano Lombardi",22,"Benevento Calcio","Serie A","right",180.0,"Italy","W"	
"Pietro Iemmello",26,"Benevento Calcio","Serie A","right",180.0,"Italy","CF"	
"Massimo Coda",29,"Benevento Calcio","Serie A","right",184.0,"Italy","CF"	
"Cheick Diabaté",29,"Benevento Calcio","Serie A","right",194.0,"Mali","CF"	
"Adrian Stoian",27,"FC Crotone","Serie A","both",178.0,"Romania","W"	
"Federico Ricci",23,"FC Crotone","Serie A","left",175.0,"Italy","W"	
"Andrea Nalini",27,"FC Crotone","Serie A","right",180.0,"Italy","W"	
"Moussa Diaby",18,"FC Crotone","Serie A","left",170.0,"France","W"	
"Marcello Trotta",25,"FC Crotone","Serie A","left",188.0,"Italy","CF"	
"Ante Budimir",26,"FC Crotone","Serie A","left",190.0,"Croatia","CF"	
"Marco Tumminello",19,"FC Crotone","Serie A","left",180.0,"Italy","CF"	
"Simy",25,"FC Crotone","Serie A","right",198.0,"Nigeria","CF"	
"Henry Onyekuru",20,"RSC Anderlecht","Jupiler Pro League","both",175.0,"Nigeria","W"	
"Francis Amuzu",18,"RSC Anderlecht","Jupiler Pro League","both",170.0,"Belgium  Ghana","W"	
"Lazar Markovic",24,"RSC Anderlecht","Jupiler Pro League","right",175.0,"Serbia","W"	
"Alexandru Chipciu",28,"RSC Anderlecht","Jupiler Pro League","right",176.0,"Romania","W"	
"Massimo Bruno",24,"RSC Anderlecht","Jupiler Pro League","right",178.0,"Belgium  Italy","W"	
"Lukasz Teodorczyk",26,"RSC Anderlecht","Jupiler Pro League","right",185.0,"Poland","CF"	
"Silvere Ganvoula",21,"RSC Anderlecht","Jupiler Pro League","both",191.0,"Congo","CF"	
"Lior Refaelov",31,"Club Brugge KV","Jupiler Pro League","both",175.0,"Israel  Belgium","W"	
"Thibault Vlietinck",20,"Club Brugge KV","Jupiler Pro League","right",178.0,"Belgium","W"	
"Emmanuel Dennis",20,"Club Brugge KV","Jupiler Pro League","right",174.0,"Nigeria","CF"	
"Wesley",21,"Club Brugge KV","Jupiler Pro League","right",191.0,"Brazil","CF"	
"Abdoulay Diaby",26,"Club Brugge KV","Jupiler Pro League","left",173.0,"Mali  France","CF"	
"Jelle Vossen",28,"Club Brugge KV","Jupiler Pro League","right",180.0,"Belgium","CF"	
"Krépin Diatta",19,"Club Brugge KV","Jupiler Pro League","right",173.0,"Senegal","CF"	
"Leandro Trossard",23,"KRC Genk","Jupiler Pro League","right",172.0,"Belgium","W"	
"Holly Tshimanga",20,"KRC Genk","Jupiler Pro League","",0,"Belgium  DR Congo","W"	
"Dieumerci Ndongala",26,"KRC Genk","Jupiler Pro League","right",170.0,"DR Congo  Belgium","W"	
"Edon Zhegrova",18,"KRC Genk","Jupiler Pro League","left",174.0,"Kosovo  Albania","W"	
"Dante Vanzeir",19,"KRC Genk","Jupiler Pro League","right",175.0,"Belgium","W"	
"Thomas Buffel",37,"KRC Genk","Jupiler Pro League","both",175.0,"Belgium","W"	
"Marcus Ingvartsen",22,"KRC Genk","Jupiler Pro League","left",187.0,"Denmark","CF"	
"Mbwana Samatta",25,"KRC Genk","Jupiler Pro League","both",180.0,"Tanzania","CF"	
"Moses Simon",22,"KAA Gent","Jupiler Pro League","both",168.0,"Nigeria","W"	
"Aboubakary Koita",19,"KAA Gent II","Jupiler Pro League","right",175.0,"Belgium  Senegal","W"	
"Samuel Kalu",20,"KAA Gent","Jupiler Pro League","right",176.0,"Nigeria","W"	
"Yuya Kubo",24,"KAA Gent","Jupiler Pro League","right",178.0,"Japan","CF"	
"Mamadou Sylla",23,"KAA Gent","Jupiler Pro League","right",184.0,"Senegal  Spain","CF"	
"Roman Yaremchuk",22,"KAA Gent","Jupiler Pro League","right",191.0,"Ukraine","CF"	
"Rangelo Janga",25,"KAA Gent","Jupiler Pro League","right",192.0,"Curacao  Netherlands","CF"	
"Edmílson Junior",23,"Standard Liège","Jupiler Pro League","right",180.0,"Brazil  Belgium","W"	
"Paul-José Mpoku",25,"Standard Liège","Jupiler Pro League","right",174.0,"DR Congo  Belgium","W"	
"Moussa Djenepo",19,"Standard Liège","Jupiler Pro League","",0,"Mali","W"	
"Mehdi Carcela-González",28,"Standard Liège","Jupiler Pro League","left",179.0,"Morocco  Belgium","W"	
"Duje Cop",28,"Standard Liège","Jupiler Pro League","right",186.0,"Croatia","CF"	
"Renaud Emond",26,"Standard Liège","Jupiler Pro League","right",186.0,"Belgium","CF"	
"Hassane Bandé",19,"KV Mechelen","Jupiler Pro League","right",178.0,"Burkina Faso","W"	
"Clément Tainmont",32,"KV Mechelen","Jupiler Pro League","left",185.0,"France","W"	
"Andy Kawaya",21,"KV Mechelen","Jupiler Pro League","left",174.0,"Belgium  DR Congo","W"	
"Abou Ouattara",18,"KV Mechelen","Jupiler Pro League","",0,"Burkina Faso","W"	
"Fatos Beqiraj",29,"KV Mechelen","Jupiler Pro League","right",188.0,"Montenegro  Kosovo","CF"	
"Nicolas Verdier",31,"KV Mechelen","Jupiler Pro League","left",187.0,"France","CF"	
"Nicklas Pedersen",30,"KV Mechelen","Jupiler Pro League","right",188.0,"Denmark","CF"	
"Knowledge Musona",27,"KV Oostende","Jupiler Pro League","both",177.0,"Zimbabwe","W"	
"Ibrahima Conté",26,"KV Oostende","Jupiler Pro League","left",177.0,"Guinea  Belgium","W"	
"Nicolas Rajsel",24,"KV Oostende","Jupiler Pro League","right",178.0,"Slovenia  France","W"	
"Richairo Zivkovic",21,"KV Oostende","Jupiler Pro League","right",187.0,"Netherlands  Serbia","CF"	
"Zinho Gano",24,"KV Oostende","Jupiler Pro League","right",198.0,"Belgium  Guinea-Bissau","CF"	
"Joseph Akpala",31,"KV Oostende","Jupiler Pro League","right",184.0,"Nigeria  Belgium","CF"	
"Theo Bongonda",22,"SV Zulte Waregem","Jupiler Pro League","left",177.0,"Belgium","W"	
"Nill De Pauw",28,"SV Zulte Waregem","Jupiler Pro League","right",180.0,"Belgium  DR Congo","W"	
"Alessandro Cordaro",31,"SV Zulte Waregem","Jupiler Pro League","both",169.0,"Belgium  Italy","W"	
"Aaron Leya Iseka",20,"SV Zulte Waregem","Jupiler Pro League","right",182.0,"Belgium  DR Congo","CF"	
"Peter Olayinka",22,"SV Zulte Waregem","Jupiler Pro League","both",188.0,"Nigeria","CF"	
"Ivan Saponjic",20,"SV Zulte Waregem","Jupiler Pro League","right",192.0,"Serbia","CF"	
"Hamdi Harbaoui",33,"SV Zulte Waregem","Jupiler Pro League","right",186.0,"Tunisia  Belgium","CF"	
"Ivo Rodrigues",22,"Royal Antwerp FC","Jupiler Pro League","right",180.0,"Portugal","W"	
"Jonathan Pitroipa",31,"Royal Antwerp FC","Jupiler Pro League","right",176.0,"Burkina Faso","W"	
"Romain Habran",23,"Royal Antwerp FC","Jupiler Pro League","right",178.0,"France","W"	
"Stallone Limbombe",26,"Royal Antwerp FC","Jupiler Pro League","",169.0,"Belgium  DR Congo","W"	
"Obbi Oulare",22,"Royal Antwerp FC","Jupiler Pro League","right",196.0,"Belgium  Guinea","CF"	
"Joaquín Ardaiz",19,"Royal Antwerp FC","Jupiler Pro League","left",183.0,"Uruguay","CF"	
"William Owusu Acheampong",28,"Royal Antwerp FC","Jupiler Pro League","right",188.0,"Ghana  Portugal","CF"	
"Björn Vleminckx",32,"Royal Antwerp FC","Jupiler Pro League","right",183.0,"Belgium","CF"	
"Kafoumba Touré",24,"Royal Antwerp FC","Jupiler Pro League","right",183.0,"Mali  Cote d'Ivoire","CF"	
"Roberto Núñez",22,"Royal Antwerp FC","Jupiler Pro League","right",182.0,"Spain","CF"	
"Amara Baby",29,"RSC Charleroi","Jupiler Pro League","right",183.0,"Senegal  France","W"	
"Mamadou Fall",26,"RSC Charleroi","Jupiler Pro League","right",184.0,"Senegal","W"	
"Romain Grange",29,"RSC Charleroi","Jupiler Pro League","right",177.0,"France","W"	
"Jordan Remacle",31,"RSC Charleroi","Jupiler Pro League","right",175.0,"Belgium","W"	
"Kaveh Rezaei",25,"RSC Charleroi","Jupiler Pro League","right",185.0,"Iran","CF"	
"Chris Bedia",22,"RSC Charleroi","Jupiler Pro League","",190.0,"Cote d'Ivoire  France","CF"	
"David Pollet",29,"RSC Charleroi","Jupiler Pro League","left",188.0,"Belgium  France","CF"	
"Igor Vetokele",25,"Sint-Truidense VV","Jupiler Pro League","right",173.0,"Angola  Belgium","W"	
"Cristian Ceballos",25,"Sint-Truidense VV","Jupiler Pro League","left",173.0,"Spain","W"	
"Elton Acolatse",22,"Sint-Truidense VV","Jupiler Pro League","right",182.0,"Netherlands  Ghana","W"	
"Jonathan Legear",30,"Sint-Truidense VV","Jupiler Pro League","right",179.0,"Belgium","W"	
"Jordan Botaka",24,"Sint-Truidense VV","Jupiler Pro League","right",184.0,"DR Congo  Netherlands","W"	
"Yohan Boli",24,"Sint-Truidense VV","Jupiler Pro League","",181.0,"Cote d'Ivoire  France","CF"	
"Chuba Akpom",22,"Sint-Truidense VV","Jupiler Pro League","right",186.0,"England  Nigeria","CF"	
"Babacar Gueye",23,"Sint-Truidense VV","Jupiler Pro League","right",190.0,"Senegal","CF"	
"Kurt Abrahams",21,"Sint-Truidense VV","Jupiler Pro League","",0,"South Africa","CF"	
"Nana Opoku Ampomah",22,"Waasland-Beveren","Jupiler Pro League","",175.0,"Ghana","W"	
"Aleksandar Boljevic",22,"Waasland-Beveren","Jupiler Pro League","both",186.0,"Montenegro","W"	
"Tuur Dierckx",22,"Waasland-Beveren","Jupiler Pro League","both",171.0,"Belgium","W"	
"Floriano Vanzo",23,"Waasland-Beveren","Jupiler Pro League","right",180.0,"Belgium  Italy","W"	
"Olivier Myny",23,"Waasland-Beveren","Jupiler Pro League","",178.0,"Belgium","W"	
"Isaac Thelin",25,"Waasland-Beveren","Jupiler Pro League","right",189.0,"Sweden  DR Congo","CF"	
"Ryan Mmaee",20,"Waasland-Beveren","Jupiler Pro League","",183.0,"Belgium  Morocco","CF"	
"Cherif Ndiaye",22,"Waasland-Beveren","Jupiler Pro League","",188.0,"Senegal","CF"	
"Steve De Ridder",31,"KSC Lokeren","Jupiler Pro League","right",178.0,"Belgium","W"	
"Bob Straetman",20,"KSC Lokeren","Jupiler Pro League","",0,"Belgium","W"	
"Mohamed Ofkir",21,"KSC Lokeren","Jupiler Pro League","",178.0,"Norway","W"	
"Guus Hupperts",25,"KSC Lokeren","Jupiler Pro League","right",176.0,"Netherlands","W"	
"Marko Miric",30,"KSC Lokeren","Jupiler Pro League","right",193.0,"Serbia","W"	
"Yusuf Lawal",19,"KSC Lokeren","Jupiler Pro League","right",175.0,"Nigeria","W"	
"Tom De Sutter",32,"KSC Lokeren","Jupiler Pro League","right",192.0,"Belgium","CF"	
"Jean Alassane Mendy",28,"KSC Lokeren","Jupiler Pro League","right",180.0,"Norway","CF"	
"Lewis Enoh",25,"KSC Lokeren","Jupiler Pro League","right",189.0,"Cameroon  Portugal","CF"	
"Idir Ouali",29,"KV Kortrijk","Jupiler Pro League","right",176.0,"Algeria  France","W"	
"Teddy Chevalier",30,"KV Kortrijk","Jupiler Pro League","right",178.0,"France","CF"	
"Jérémy Perbet",33,"KV Kortrijk","Jupiler Pro League","right",184.0,"France","CF"	
"Athanasios Papazoglou",29,"KV Kortrijk","Jupiler Pro League","right",195.0,"Greece","CF"	
"Fabrice Olinga",21,"Royal Excel Mouscron","Jupiler Pro League","right",176.0,"Cameroon","W"	
"Dorin Rotariu",22,"Royal Excel Mouscron","Jupiler Pro League","left",180.0,"Romania","W"	
"Jonathan Bolingi",23,"Royal Excel Mouscron","Jupiler Pro League","right",188.0,"DR Congo","CF"	
"Taiwo Awoniyi",20,"Royal Excel Mouscron","Jupiler Pro League","right",178.0,"Nigeria","CF"	
"Mario Jelavic",24,"Royal Excel Mouscron","Jupiler Pro League","left",189.0,"Croatia","CF"	
"Yanis Mbombo",23,"Royal Excel Mouscron","Jupiler Pro League","right",180.0,"Belgium  DR Congo","CF"	
"Clément Petit",20,"Royal Excel Mouscron","Jupiler Pro League","left",188.0,"Belgium","CF"	
"Eric Ocansey",20,"KAS Eupen","Jupiler Pro League","left",173.0,"Ghana","W"	
"Florian Raspentino",28,"KAS Eupen","Jupiler Pro League","right",179.0,"France","CF"	
"Mbaye Leye",35,"KAS Eupen","Jupiler Pro League","right",183.0,"Senegal","CF"	
"Mamadou Koné",26,"KAS Eupen","Jupiler Pro League","right",176.0,"Cote d'Ivoire","CF"	
"Moussa Diallo",27,"KAS Eupen","Jupiler Pro League","right",183.0,"Belgium  Senegal","CF"	
"Damien Mouchamps",22,"KAS Eupen","Jupiler Pro League","",172.0,"Belgium","CF"	
"Yacine Brahimi",28,"FC Porto","Liga NOS","right",175.0,"Algeria  France","W"	
"Jesús Corona",25,"FC Porto","Liga NOS","both",173.0,"Mexico","W"	
"Hernâni",26,"FC Porto","Liga NOS","left",180.0,"Portugal  Cape Verde","W"	
"Vincent Aboubakar",26,"FC Porto","Liga NOS","right",184.0,"Cameroon","CF"	
"Tiquinho Soares",27,"FC Porto","Liga NOS","right",187.0,"Brazil","CF"	
"Gonçalo Paciência",23,"FC Porto","Liga NOS","right",184.0,"Portugal","CF"	
"Gelson Martins",22,"Sporting CP","Liga NOS","right",173.0,"Portugal  Cape Verde","W"	
"Daniel Podence",22,"Sporting CP","Liga NOS","right",165.0,"Portugal","W"	
"Bas Dost",28,"Sporting CP","Liga NOS","right",196.0,"Netherlands","CF"	
"Seydou Doumbia",30,"Sporting CP","Liga NOS","both",179.0,"Cote d'Ivoire","CF"	
"Franco Cervi",23,"SL Benfica","Liga NOS","left",166.0,"Argentina  Italy","W"	
"Diogo Gonçalves",21,"SL Benfica","Liga NOS","right",178.0,"Portugal","W"	
"Eduardo Salvio",27,"SL Benfica","Liga NOS","right",173.0,"Argentina","W"	
"Rafa Silva",24,"SL Benfica","Liga NOS","right",171.0,"Portugal","W"	
"Andrija Zivkovic",21,"SL Benfica","Liga NOS","left",169.0,"Serbia","W"	
"RaĂşl JimĂŠnez",26,"SL Benfica","Liga NOS","right",190.0,"Mexico","CF"	
"Jonas",33,"SL Benfica","Liga NOS","right",182.0,"Brazil  Italy","CF"	
"Haris Seferovic",26,"SL Benfica","Liga NOS","left",185.0,"Switzerland  Bosnia-Herzegovina","CF"	
"Ahmed Hassan",25,"SC Braga","Liga NOS","right",191.0,"Egypt","CF"	
"Dyego Sousa",28,"SC Braga","Liga NOS","right",190.0,"Brazil","CF"	
"Raphinha",21,"Vitória Guimarães SC","Liga NOS","left",176.0,"Brazil  Italy","W"	
"Héldon",29,"Vitória Guimarães SC","Liga NOS","right",174.0,"Cape Verde  South Africa","W"	
"Fábio Sturgeon",24,"Vitória Guimarães SC","Liga NOS","both",183.0,"Portugal  England","W"	
"Hélder Ferreira",20,"Vitória Guimarães SC","Liga NOS","left",179.0,"Portugal","W"	
"Welthon",25,"VitĂłria GuimarĂŁes SC","Liga NOS","left",180.0,"Brazil","CF"	
"Junior Tallo",25,"Vitória Guimarães SC","Liga NOS","right",185.0,"Cote d'Ivoire","CF"	
"Sebastián Rincón",24,"Vitória Guimarães SC","Liga NOS","",185.0,"Colombia","CF"	
"Óscar Estupiñán",21,"Vitória Guimarães SC","Liga NOS","left",182.0,"Colombia","CF"	
"Rafael Martins",28,"Vitória Guimarães SC","Liga NOS","right",177.0,"Brazil","CF"	
"Hélder Guedes",30,"Rio Ave FC","Liga NOS","right",184.0,"Portugal","CF"	
"Ricardo Valente",26,"CS Marítimo","Liga NOS","right",181.0,"Portugal","W"	
"Gevorg Ghazaryan",29,"CS Marítimo","Liga NOS","both",180.0,"Armenia","W"	
"Ibson",28,"CS Marítimo","Liga NOS","left",179.0,"Brazil","W"	
"Edgar Costa",30,"CS Marítimo","Liga NOS","right",177.0,"Portugal","W"	
"Rodrigo Pinho",26,"CS Marítimo","Liga NOS","left",185.0,"Brazil  Germany","CF"	
"Joel Tagueu",24,"CS Marítimo","Liga NOS","left",178.0,"Cameroon  Brazil","CF"	
"Everton",24,"CS Marítimo","Liga NOS","right",186.0,"Brazil","CF"	
"André Claro",26,"GD Estoril Praia","Liga NOS","right",183.0,"Portugal","W"	
"Matheus Índio",22,"GD Estoril Praia","Liga NOS","left",179.0,"Brazil","W"	
"Jorman Aguilar",23,"GD Estoril Praia","Liga NOS","",181.0,"Panama","W"	
"Allano Lima",22,"GD Estoril Praia","Liga NOS","left",182.0,"Brazil","W"	
"Ewandro Costa",21,"GD Estoril Praia","Liga NOS","left",174.0,"Brazil","W"	
"Victor Andrade",22,"GD Estoril Praia","Liga NOS","right",177.0,"Brazil","W"	
"Kléber",27,"GD Estoril Praia","Liga NOS","right",188.0,"Brazil","CF"	
"Bruno Gomes",21,"GD Estoril Praia","Liga NOS","right",182.0,"Brazil","CF"	
"Jorginho",22,"GD Chaves","Liga NOS","right",171.0,"Portugal  Guinea-Bissau","W"	
"Davidson",27,"GD Chaves","Liga NOS","right",177.0,"Brazil","W"	
"Matheus Pereira",21,"GD Chaves","Liga NOS","left",175.0,"Brazil  Portugal","W"	
"Perdigão",26,"GD Chaves","Liga NOS","right",185.0,"Brazil","W"	
"William",26,"GD Chaves","Liga NOS","right",182.0,"Brazil","CF"	
"Platiny",27,"GD Chaves","Liga NOS","right",178.0,"Brazil","CF"	
"Shoya Nakajima",23,"Portimonense SC","Liga NOS","right",164.0,"Japan","W"	
"Wilson Manafá",23,"Portimonense SC","Liga NOS","right",177.0,"Portugal  Guinea-Bissau","W"	
"Wellington Carvalho",25,"Portimonense SC","Liga NOS","both",182.0,"Brazil","W"	
"Tabata",20,"Portimonense SC","Liga NOS","left",178.0,"Brazil","W"	
"Fabrício",27,"Portimonense SC","Liga NOS","right",183.0,"Brazil","CF"	
"Rui Costa",22,"Portimonense SC","Liga NOS","right",179.0,"Portugal","CF"	
"Pires",36,"Portimonense SC","Liga NOS","right",179.0,"Portugal","CF"	
"Yannick Djaló",31,"Vitória Setúbal FC","Liga NOS","right",171.0,"Portugal  Guinea-Bissau","W"	
"André Pereira",22,"Vitória Setúbal FC","Liga NOS","left",188.0,"Portugal","CF"	
"Edinho",35,"Vitória Setúbal FC","Liga NOS","right",182.0,"Portugal  Guinea-Bissau","CF"	
"Allef",23,"Vitória Setúbal FC","Liga NOS","right",0,"Brazil","CF"	
"Nathan",21,"CF Belenenses","Liga NOS","right",177.0,"Brazil","W"	
"Diogo Viana",28,"CF Belenenses","Liga NOS","right",174.0,"Portugal","W"	
"Licá",29,"CF Belenenses","Liga NOS","right",181.0,"Portugal","W"	
"Benny",21,"CF Belenenses","Liga NOS","right",0,"Portugal","W"	
"Maurides",24,"CF Belenenses","Liga NOS","left",189.0,"Brazil","CF"	
"Yazalde",29,"CF Belenenses","Liga NOS","right",183.0,"Guinea-Bissau  Portugal","CF"	
"Tiago Caeiro",33,"CF Belenenses","Liga NOS","right",192.0,"Portugal","CF"	
"Kuca",28,"Boavista Porto FC","Liga NOS","right",181.0,"Cape Verde","W"	
"Mateus",33,"Boavista Porto FC","Liga NOS","right",176.0,"Angola  Portugal","W"	
"Renato Santos",26,"Boavista Porto FC","Liga NOS","right",175.0,"Portugal","W"	
"Ricardo Clarke",25,"Boavista Porto FC","Liga NOS","right",180.0,"Panama","W"	
"Rui Pedro",19,"Boavista Porto FC","Liga NOS","right",182.0,"Portugal","CF"	
"Leonardo Ruiz",21,"Boavista Porto FC","Liga NOS","right",185.0,"Colombia","CF"	
"Iván Bulos",24,"Boavista Porto FC","Liga NOS","left",188.0,"Peru","CF"	
"Yusupha Njie",24,"Boavista Porto FC","Liga NOS","both",188.0,"The Gambia","CF"	
"Idé Colubali",24,"Boavista Porto FC","Liga NOS","right",204.0,"Guinea-Bissau","CF"	
"Hêndrio",23,"FC Paços de Ferreira","Liga NOS","left",181.0,"Brazil","W"	
"Awer Mabil",22,"FC Paços de Ferreira","Liga NOS","right",179.0,"Australia  Southern Sudan","W"	
"Bruno Moreira",30,"FC Paços de Ferreira","Liga NOS","right",185.0,"Portugal","CF"	
"Luiz Phellype",24,"FC Paços de Ferreira","Liga NOS","right",188.0,"Brazil","CF"	
"Rabiola",28,"FC Paços de Ferreira","Liga NOS","right",182.0,"Portugal","CF"	
"Arsénio",28,"Moreirense FC","Liga NOS","right",180.0,"Portugal","W"	
"Bilel Aouacheria",23,"Moreirense FC","Liga NOS","right",182.0,"France  Algeria","W"	
"Ousmane Dramé",25,"Moreirense FC","Liga NOS","right",174.0,"France  Mali","W"	
"Zizo",22,"Moreirense FC","Liga NOS","right",174.0,"Egypt","W"	
"Edno",34,"Moreirense FC","Liga NOS","left",183.0,"Brazil","CF"	
"Ronaldo Peña",21,"Moreirense FC","Liga NOS","right",184.0,"Venezuela","CF"	
"Murilo",21,"CD Tondela","Liga NOS","left",176.0,"Brazil","W"	
"Tyler Boyd",23,"CD Tondela","Liga NOS","right",180.0,"New Zealand  United States","W"	
"Juan Delgado",25,"CD Tondela","Liga NOS","right",177.0,"Chile","W"	
"Miguel Cardoso",23,"CD Tondela","Liga NOS","both",176.0,"Portugal","W"	
"Harramiz",27,"CD Tondela","Liga NOS","right",180.0,"Sao Tome and Principe  Portugal","W"	
"Tomané",25,"CD Tondela","Liga NOS","right",186.0,"Portugal","CF"	
"Heliardo",26,"CD Tondela","Liga NOS","right",190.0,"Brazil","CF"	
"Luís Machado",25,"CD Feirense","Liga NOS","right",168.0,"Portugal","W"	
"Edson Farias",26,"CD Feirense","Liga NOS","both",170.0,"Brazil","W"	
"Hugo Seco",29,"CD Feirense","Liga NOS","right",176.0,"Portugal","W"	
"Zé Manuel",27,"CD Feirense","Liga NOS","right",181.0,"Portugal","W"	
"Anastasios Karamanos",27,"CD Feirense","Liga NOS","right",185.0,"Greece","CF"	
"João Silva",27,"CD Feirense","Liga NOS","right",187.0,"Portugal","CF"	
"José Valencia",26,"CD Feirense","Liga NOS","right",186.0,"Colombia","CF"	
"Amilton",28,"Desportivo Aves","Liga NOS","right",172.0,"Brazil","W"	
"Nildo Petrolina",31,"Desportivo Aves","Liga NOS","left",175.0,"Brazil","W"	
"Sami",29,"Desportivo Aves","Liga NOS","right",184.0,"Guinea-Bissau  Portugal","W"	
"Hamdou Elhouni",24,"Desportivo Aves","Liga NOS","right",175.0,"Libya","W"	
"Derley",30,"Desportivo Aves","Liga NOS","right",183.0,"Brazil","CF"	
"Cristian Arango",23,"Desportivo Aves","Liga NOS","right",178.0,"Colombia","CF"	
"Alexandre Guedes",24,"Desportivo Aves","Liga NOS","right",185.0,"Portugal","CF"	
"Federico Falcone",28,"Desportivo Aves","Liga NOS","right",185.0,"Argentina","CF"	
